feature_set,features,horizon,response_type,dep_col,scale_col,window_start,window_end,nobs,country_n,year_min,year_max,rank,regressor_count,status,profile_country,profile_year,profile_z_values,beta_dep,se_beta_dep,p_beta_dep,beta_scale,se_beta_scale,p_beta_scale,denom_t,ratio,se_ratio,p_ratio,ci95_low,ci95_high
debt,debt,0,direct_debt_ratio_over_initial_investment,debt_dyn_ratio_h0,gi_dyn0,2004,2025,583,27,2004,2025,8,8,OK,POL,2025,"{""debt"": -0.08146573873820974}",-0.053303657748953966,0.018624873838843894,0.0042102905422019,0.0416962412728988,0.000776798980266153,0.0,53.67700310138475,-1.2783804036456303,0.4490113229135039,0.004411941869009617,-2.158426425206782,-0.3983343820844787
debt,debt,1,direct_debt_ratio_over_initial_investment,debt_dyn_ratio_h1,gi_dyn0,2004,2024,557,27,2004,2024,8,8,OK,POL,2025,"{""debt"": -0.08146573873820974}",-0.08333459670946997,0.027579950801649312,0.002514721649622409,0.04172364392461499,0.0007785082592419323,0.0,53.59434974427007,-1.997299105994586,0.6663013133301132,0.002721222201713669,-3.3032256829733453,-0.6913725290158266
debt,debt,2,direct_debt_ratio_over_initial_investment,debt_dyn_ratio_h2,gi_dyn0,2004,2023,531,27,2004,2023,8,8,OK,POL,2025,"{""debt"": -0.08146573873820974}",-0.0668139069885353,0.030636125092552927,0.029191823677394035,0.04172534751867339,0.0007549677955499829,0.0,55.26771839092433,-1.601278622272325,0.7382118320349546,0.030072693209333368,-3.0481472260221674,-0.15441001852248282
debt,debt,3,direct_debt_ratio_over_initial_investment,debt_dyn_ratio_h3,gi_dyn0,2004,2022,506,27,2004,2022,8,8,OK,POL,2025,"{""debt"": -0.08146573873820974}",-0.04413793239968068,0.03321857843342067,0.18394291881123537,0.04178283949633467,0.000766117068060889,0.0,54.538452722494206,-1.056365075512702,0.799078653803827,0.1861751956132942,-2.622530457782953,0.5098003067575487
debt,debt,4,direct_debt_ratio_over_initial_investment,debt_dyn_ratio_h4,gi_dyn0,2004,2021,481,27,2004,2021,8,8,OK,POL,2025,"{""debt"": -0.08146573873820974}",-0.01934832774130735,0.02887275402716893,0.5027786954101261,0.04168488168566309,0.000729121243001975,0.0,57.17139925046756,-0.46415695472543295,0.6960956997195604,0.5048995787361727,-1.8284794559689792,0.9001655465181133
debt,debt,5,direct_debt_ratio_over_initial_investment,debt_dyn_ratio_h5,gi_dyn0,2004,2020,456,27,2004,2020,8,8,OK,POL,2025,"{""debt"": -0.08146573873820974}",-0.0018476403255453112,0.025325157588897515,0.9418405614400418,0.04175935360068001,0.000654232666337061,0.0,63.82951471146134,-0.04424494553275902,0.6069020068173909,0.9418833479074278,-1.2337510210399272,1.1452611299744093
debt,debt,6,direct_debt_ratio_over_initial_investment,debt_dyn_ratio_h6,gi_dyn0,2004,2019,431,27,2004,2019,8,8,OK,POL,2025,"{""debt"": -0.08146573873820974}",-0.018753922219933834,0.018926347448405746,0.32173945590344455,0.041893008743496926,0.0006148114679111191,0.0,68.13960202439365,-0.44766233752177126,0.4553671953509823,0.32556811529921004,-1.3401656401507114,0.4448409651071689
debt,debt,7,direct_debt_ratio_over_initial_investment,debt_dyn_ratio_h7,gi_dyn0,2004,2018,405,27,2004,2018,8,8,OK,POL,2025,"{""debt"": -0.08146573873820974}",-0.03800143633887545,0.019798144076184375,0.054928119221494764,0.042098263737874855,0.0005022600876672739,0.0,83.81765697011382,-0.902684171857815,0.47812617056529405,0.05903101539079447,-1.839794246231846,0.03442590251621591
debt,debt,8,direct_debt_ratio_over_initial_investment,debt_dyn_ratio_h8,gi_dyn0,2004,2017,378,27,2004,2017,8,8,OK,POL,2025,"{""debt"": -0.08146573873820974}",-0.05628360422031937,0.015467259064903286,0.00027381916360935676,0.04228521206632859,0.0004308298695771946,0.0,98.14828323724679,-1.3310469894778556,0.3684429699490067,0.00030311066896948624,-2.053181940934882,-0.6089120380208293
debt+liq,debt|liq,0,direct_debt_ratio_over_initial_investment,debt_dyn_ratio_h0,gi_dyn0,2004,2025,583,27,2004,2025,10,10,OK,POL,2025,"{""debt"": -0.08146573873820974, ""liq"": 0.5755551475575922}",-0.056229431673938596,0.02204404332159554,0.010748317211033642,0.04246502921237618,0.0008242180929455989,0.0,51.52159310239628,-1.324135005129135,0.5218715797728978,0.011171714322075976,-2.346984506039036,-0.30128550421923395
debt+liq,debt|liq,1,direct_debt_ratio_over_initial_investment,debt_dyn_ratio_h1,gi_dyn0,2004,2024,557,27,2004,2024,10,10,OK,POL,2025,"{""debt"": -0.08146573873820974, ""liq"": 0.5755551475575922}",-0.08897287462206656,0.029342267512277413,0.0024274399578774197,0.04248876878069052,0.0008293898791066576,0.0,51.228945338054416,-2.094032780316789,0.6967224068070655,0.002651025700815657,-3.4595836048807014,-0.7284819557528766
debt+liq,debt|liq,2,direct_debt_ratio_over_initial_investment,debt_dyn_ratio_h2,gi_dyn0,2004,2023,531,27,2004,2023,10,10,OK,POL,2025,"{""debt"": -0.08146573873820974, ""liq"": 0.5755551475575922}",-0.06999318725472024,0.03133556912143642,0.02550507470034713,0.042484481515241215,0.0008045464078529405,0.0,52.805507675583044,-1.6475000931719113,0.7465741985103158,0.027331765859576196,-3.1107586340389863,-0.18424155230483596
debt+liq,debt|liq,3,direct_debt_ratio_over_initial_investment,debt_dyn_ratio_h3,gi_dyn0,2004,2022,506,27,2004,2022,10,10,OK,POL,2025,"{""debt"": -0.08146573873820974, ""liq"": 0.5755551475575922}",-0.04646678293406876,0.03528218142055077,0.18783719946590427,0.04252607691938184,0.0007628498202315496,0.0,55.74632882062396,-1.0926656371843906,0.836952603860611,0.19171288413147636,-2.733062597518207,0.5477313231494254
debt+liq,debt|liq,4,direct_debt_ratio_over_initial_investment,debt_dyn_ratio_h4,gi_dyn0,2004,2021,481,27,2004,2021,10,10,OK,POL,2025,"{""debt"": -0.08146573873820974, ""liq"": 0.5755551475575922}",-0.017209376391039144,0.030189461186891586,0.5686466159029162,0.04241915311838583,0.0006825719726163876,0.0,62.14605172812425,-0.40569825481923744,0.7153578744961696,0.5706283848946856,-1.8077739248888534,0.9963774152503786
debt+liq,debt|liq,5,direct_debt_ratio_over_initial_investment,debt_dyn_ratio_h5,gi_dyn0,2004,2020,456,27,2004,2020,10,10,OK,POL,2025,"{""debt"": -0.08146573873820974, ""liq"": 0.5755551475575922}",0.004189896492471044,0.026741568672762728,0.8754962391925976,0.04245585662017445,0.0005661878871952957,0.0,74.98545550044611,0.09868830418275114,0.6292488138991801,0.8753748049287924,-1.1346167083741885,1.3319933167396907
debt+liq,debt|liq,6,direct_debt_ratio_over_initial_investment,debt_dyn_ratio_h6,gi_dyn0,2004,2019,431,27,2004,2019,10,10,OK,POL,2025,"{""debt"": -0.08146573873820974, ""liq"": 0.5755551475575922}",-0.009113196102602176,0.0169823686061183,0.5915253475621354,0.042604777027246854,0.000458534531493902,0.0,92.91508948833324,-0.2139008049912819,0.39913009683057804,0.5920155669581741,-0.996181419925199,0.5683798099426352
debt+liq,debt|liq,7,direct_debt_ratio_over_initial_investment,debt_dyn_ratio_h7,gi_dyn0,2004,2018,405,27,2004,2018,10,10,OK,POL,2025,"{""debt"": -0.08146573873820974, ""liq"": 0.5755551475575922}",-0.02892147650366758,0.019931888125254798,0.14677557365719496,0.04291365369290007,0.00033977416621688763,0.0,126.30051946182114,-0.6739457961476851,0.46549789363815125,0.14767422733936542,-1.586304902557718,0.2384133102623478
debt+liq,debt|liq,8,direct_debt_ratio_over_initial_investment,debt_dyn_ratio_h8,gi_dyn0,2004,2017,378,27,2004,2017,10,10,OK,POL,2025,"{""debt"": -0.08146573873820974, ""liq"": 0.5755551475575922}",-0.0518023300390775,0.016137740864621847,0.0013272976839371342,0.04297576151536331,0.00035507199662093274,0.0,121.03393656595034,-1.2053848079122182,0.3749646769654577,0.001305980667485107,-1.9403020702392109,-0.47046754558522574
debt+liq+log_gdp_pc,debt|liq|log_gdp_pc,0,direct_debt_ratio_over_initial_investment,debt_dyn_ratio_h0,gi_dyn0,2004,2025,583,27,2004,2025,12,12,OK,POL,2025,"{""debt"": -0.08146573873820974, ""liq"": 0.5755551475575922, ""log_gdp_pc"": 0.07401637081113775}",-0.07186021329396229,0.031350767565015106,0.021897814406471205,0.04161477962630647,0.000794825244021603,0.0,52.35714383673425,-1.7267954784154713,0.7618345124909665,0.023412956835563214,-3.2199636850773947,-0.2336272717535477
debt+liq+log_gdp_pc,debt|liq|log_gdp_pc,1,direct_debt_ratio_over_initial_investment,debt_dyn_ratio_h1,gi_dyn0,2004,2024,557,27,2004,2024,12,12,OK,POL,2025,"{""debt"": -0.08146573873820974, ""liq"": 0.5755551475575922, ""log_gdp_pc"": 0.07401637081113775}",-0.12003025492598826,0.0442504597787761,0.006677376193534368,0.041677791303241694,0.0007989654132175669,0.0,52.16470026580785,-2.879957194772275,1.077847170387025,0.007541116522598479,-4.99249882956925,-0.7674155599752996
debt+liq+log_gdp_pc,debt|liq|log_gdp_pc,2,direct_debt_ratio_over_initial_investment,debt_dyn_ratio_h2,gi_dyn0,2004,2023,531,27,2004,2023,12,12,OK,POL,2025,"{""debt"": -0.08146573873820974, ""liq"": 0.5755551475575922, ""log_gdp_pc"": 0.07401637081113775}",-0.09580884020643013,0.049290136179776706,0.051922820450531315,0.04170664309102922,0.0008265290666056949,0.0,50.45998353367752,-2.2972081449307025,1.1858447052056642,0.05272195316150574,-4.621421058391321,0.027004768529915957
debt+liq+log_gdp_pc,debt|liq|log_gdp_pc,3,direct_debt_ratio_over_initial_investment,debt_dyn_ratio_h3,gi_dyn0,2004,2022,506,27,2004,2022,12,12,OK,POL,2025,"{""debt"": -0.08146573873820974, ""liq"": 0.5755551475575922, ""log_gdp_pc"": 0.07401637081113775}",-0.04849361546265568,0.0471678577585217,0.30389939127857346,0.04173313122722442,0.0008734710263222826,0.0,47.778495187115965,-1.1619932182567958,1.1339332467867063,0.30548319379177613,-3.3844615428313087,1.060475106317717
debt+liq+log_gdp_pc,debt|liq|log_gdp_pc,4,direct_debt_ratio_over_initial_investment,debt_dyn_ratio_h4,gi_dyn0,2004,2021,481,27,2004,2021,12,12,OK,POL,2025,"{""debt"": -0.08146573873820974, ""liq"": 0.5755551475575922, ""log_gdp_pc"": 0.07401637081113775}",-0.029435883440548385,0.030533127034478285,0.33501392450139567,0.041626652316549634,0.0008879867476833728,0.0,46.87756030723146,-0.707140300803038,0.7412856287096149,0.34011518346617375,-2.1600334353310133,0.7457528337249374
debt+liq+log_gdp_pc,debt|liq|log_gdp_pc,5,direct_debt_ratio_over_initial_investment,debt_dyn_ratio_h5,gi_dyn0,2004,2020,456,27,2004,2020,12,12,OK,POL,2025,"{""debt"": -0.08146573873820974, ""liq"": 0.5755551475575922, ""log_gdp_pc"": 0.07401637081113775}",0.01645970347933088,0.04333061591832088,0.7040470158842571,0.04166875788288846,0.0008122731583229231,0.0,51.29894722721201,0.3950130581187821,1.0344926953330704,0.7025783495285729,-1.6325553670038022,2.4225814832413666
debt+liq+log_gdp_pc,debt|liq|log_gdp_pc,6,direct_debt_ratio_over_initial_investment,debt_dyn_ratio_h6,gi_dyn0,2004,2019,431,27,2004,2019,12,12,OK,POL,2025,"{""debt"": -0.08146573873820974, ""liq"": 0.5755551475575922, ""log_gdp_pc"": 0.07401637081113775}",0.004838724345159407,0.033378843656629166,0.8847394454554318,0.041831824487363,0.000775371875771247,0.0,53.95066005683236,0.11567088943541394,0.7966796966591806,0.8845599055078586,-1.4457926232308747,1.6771344021017025
debt+liq+log_gdp_pc,debt|liq|log_gdp_pc,7,direct_debt_ratio_over_initial_investment,debt_dyn_ratio_h7,gi_dyn0,2004,2018,405,27,2004,2018,12,12,OK,POL,2025,"{""debt"": -0.08146573873820974, ""liq"": 0.5755551475575922, ""log_gdp_pc"": 0.07401637081113775}",-0.010703219810719186,0.032623047288468224,0.7428453708979827,0.04228443842487623,0.0006634903028560836,0.0,63.73030358221839,-0.25312432207737223,0.7730597482976063,0.7433413402379827,-1.7682935866382794,1.262044942483535
debt+liq+log_gdp_pc,debt|liq|log_gdp_pc,8,direct_debt_ratio_over_initial_investment,debt_dyn_ratio_h8,gi_dyn0,2004,2017,378,27,2004,2017,12,12,OK,POL,2025,"{""debt"": -0.08146573873820974, ""liq"": 0.5755551475575922, ""log_gdp_pc"": 0.07401637081113775}",-0.018922219800605794,0.021830015775871205,0.3860525528830556,0.042336265942775814,0.0006845662441155951,0.0,61.8439286288077,-0.44695060792990526,0.5141232248771952,0.38465829367112137,-1.4546136123047946,0.560712396444984
debt+log_gdp_pc,debt|log_gdp_pc,0,direct_debt_ratio_over_initial_investment,debt_dyn_ratio_h0,gi_dyn0,2004,2025,583,27,2004,2025,10,10,OK,POL,2025,"{""debt"": -0.08146573873820974, ""log_gdp_pc"": 0.07401637081113775}",-0.06413301387164357,0.024138396143111158,0.007886565073223162,0.040509232354239595,0.0008544815034386552,0.0,47.40796868184968,-1.583170308210779,0.6050533781994692,0.00888156610666413,-2.7690531382060306,-0.39728747821552757
debt+log_gdp_pc,debt|log_gdp_pc,1,direct_debt_ratio_over_initial_investment,debt_dyn_ratio_h1,gi_dyn0,2004,2024,557,27,2004,2024,10,10,OK,POL,2025,"{""debt"": -0.08146573873820974, ""log_gdp_pc"": 0.07401637081113775}",-0.10473232161448913,0.0377636655771391,0.0055480336493851645,0.04055195428391706,0.0008618891525694543,0.0,47.05008081726522,-2.582670144112538,0.9485591254012081,0.0064744998393682085,-4.441811867105718,-0.723528421119358
debt+log_gdp_pc,debt|log_gdp_pc,2,direct_debt_ratio_over_initial_investment,debt_dyn_ratio_h2,gi_dyn0,2004,2023,531,27,2004,2023,10,10,OK,POL,2025,"{""debt"": -0.08146573873820974, ""log_gdp_pc"": 0.07401637081113775}",-0.0856129645999917,0.044104202201973204,0.05223983150377398,0.04055769480735318,0.0008749268957933301,0.0,46.35552410419153,-2.110893259753755,1.0881675296065407,0.05239663988305998,-4.243662426928497,0.02187590742098733
debt+log_gdp_pc,debt|log_gdp_pc,3,direct_debt_ratio_over_initial_investment,debt_dyn_ratio_h3,gi_dyn0,2004,2022,506,27,2004,2022,10,10,OK,POL,2025,"{""debt"": -0.08146573873820974, ""log_gdp_pc"": 0.07401637081113775}",-0.04371739693869955,0.041571418830961965,0.29297324939743996,0.040577839529701454,0.0009328938834728792,0.0,43.49673660485643,-1.0773712313268935,1.0264912274526108,0.29391727483554675,-3.0892570675803226,0.9345146049265356
debt+log_gdp_pc,debt|log_gdp_pc,4,direct_debt_ratio_over_initial_investment,debt_dyn_ratio_h4,gi_dyn0,2004,2021,481,27,2004,2021,10,10,OK,POL,2025,"{""debt"": -0.08146573873820974, ""log_gdp_pc"": 0.07401637081113775}",-0.031082476778166866,0.026149352536615388,0.23457668770927675,0.0404768966959115,0.0009642937174376469,0.0,41.97569263799421,-0.7679066162526845,0.6554893363040566,0.24139733152079845,-2.0526421076586985,0.5168288751533293
debt+log_gdp_pc,debt|log_gdp_pc,5,direct_debt_ratio_over_initial_investment,debt_dyn_ratio_h5,gi_dyn0,2004,2020,456,27,2004,2020,10,10,OK,POL,2025,"{""debt"": -0.08146573873820974, ""log_gdp_pc"": 0.07401637081113775}",0.004061482963408468,0.03641604812826374,0.9111960531416061,0.0405602353669796,0.000951453499306194,0.0,42.62976109348106,0.10013460046918152,0.8959242547354206,0.9110083003802263,-1.6558446716881312,1.856113872626494
debt+log_gdp_pc,debt|log_gdp_pc,6,direct_debt_ratio_over_initial_investment,debt_dyn_ratio_h6,gi_dyn0,2004,2019,431,27,2004,2019,10,10,OK,POL,2025,"{""debt"": -0.08146573873820974, ""log_gdp_pc"": 0.07401637081113775}",-0.013815517848714648,0.03118504555896486,0.657753148067447,0.040672719813541654,0.0009790214966487341,0.0,41.54425612999051,-0.33967528879430586,0.7719267331422182,0.6599112807166203,-1.8526238844567144,1.1732733068681025
debt+log_gdp_pc,debt|log_gdp_pc,7,direct_debt_ratio_over_initial_investment,debt_dyn_ratio_h7,gi_dyn0,2004,2018,405,27,2004,2018,10,10,OK,POL,2025,"{""debt"": -0.08146573873820974, ""log_gdp_pc"": 0.07401637081113775}",-0.029503837698854837,0.027640122664319915,0.2857786617768301,0.04089853108957126,0.0009690434673397755,0.0,42.20505319729999,-0.7213911334428839,0.6853117186536057,0.29250293573885333,-2.064577420187197,0.6217951533014293
debt+log_gdp_pc,debt|log_gdp_pc,8,direct_debt_ratio_over_initial_investment,debt_dyn_ratio_h8,gi_dyn0,2004,2017,378,27,2004,2017,10,10,OK,POL,2025,"{""debt"": -0.08146573873820974, ""log_gdp_pc"": 0.07401637081113775}",-0.03404753422264321,0.019099617728826086,0.0746467007823639,0.04116795724735648,0.000923049578308772,0.0,44.599941557619424,-0.8270396808389006,0.4587662569521885,0.07142789301217856,-1.7262050217874378,0.07212566010963672
linear_benchmark,,0,direct_debt_ratio_over_initial_investment,debt_dyn_ratio_h0,gi_dyn0,2004,2025,583,27,2004,2025,6,6,OK,POL,2025,{},-0.06280771678304502,0.024224213965671676,0.009520754234612738,0.04109367031598943,0.0011372286658322649,0.0,36.13492303758945,-1.5284036762860465,0.601560281680829,0.011062056086613259,-2.707440162910241,-0.349367189661852
linear_benchmark,,1,direct_debt_ratio_over_initial_investment,debt_dyn_ratio_h1,gi_dyn0,2004,2024,557,27,2004,2024,6,6,OK,POL,2025,{},-0.1035080363202261,0.038018455003062265,0.006477563185599555,0.04111631348948037,0.0011426274188832805,0.0,35.98400739382257,-2.5174444772805002,0.9507578621271751,0.008101043079827841,-4.380895645068061,-0.6539933094929395
linear_benchmark,,2,direct_debt_ratio_over_initial_investment,debt_dyn_ratio_h2,gi_dyn0,2004,2023,531,27,2004,2023,6,6,OK,POL,2025,{},-0.09759250315262315,0.05187417999039896,0.0599269059468428,0.04112632219059709,0.0012221228155918468,0.0,33.651546036050824,-2.372993692466286,1.291767986262876,0.06620807813202756,-4.904812421923353,0.15882503699078088
linear_benchmark,,3,direct_debt_ratio_over_initial_investment,debt_dyn_ratio_h3,gi_dyn0,2004,2022,506,27,2004,2022,6,6,OK,POL,2025,{},-0.08435901001609479,0.06371173573499307,0.18547869244329296,0.04119063149623016,0.0012625443557261963,0.0,32.625096543667915,-2.0480144865906094,1.573818141018699,0.19315471332546053,-5.132641361203039,1.0366123880218199
linear_benchmark,,4,direct_debt_ratio_over_initial_investment,debt_dyn_ratio_h4,gi_dyn0,2004,2021,481,27,2004,2021,6,6,OK,POL,2025,{},-0.05396823275073677,0.0574323630323582,0.3473800308297401,0.04110237230853967,0.0012716212553440598,0.0,32.322810062984274,-1.3130198993288766,1.4214705532265108,0.35563976623442395,-4.099050988737063,1.4730111900793095
linear_benchmark,,5,direct_debt_ratio_over_initial_investment,debt_dyn_ratio_h5,gi_dyn0,2004,2020,456,27,2004,2020,6,6,OK,POL,2025,{},-0.0014369123069028688,0.036758228519395496,0.9688179146187599,0.041309130297201284,0.0011880031038093476,0.0,34.77190435340027,-0.034784375671066126,0.890450691328008,0.9688395331264021,-1.7800356606827539,1.7104669093406215
linear_benchmark,,6,direct_debt_ratio_over_initial_investment,debt_dyn_ratio_h6,gi_dyn0,2004,2019,431,27,2004,2019,6,6,OK,POL,2025,{},-0.009341226132280002,0.04013253957808049,0.8159482353626077,0.041438699547203944,0.0011758867757433412,0.0,35.24038232423212,-0.22542276264338745,0.9703666751037917,0.8162997428484129,-2.1273064976446983,1.6764609723579236
linear_benchmark,,7,direct_debt_ratio_over_initial_investment,debt_dyn_ratio_h7,gi_dyn0,2004,2018,405,27,2004,2018,6,6,OK,POL,2025,{},-0.05500938745088938,0.03712534736816086,0.13841468593053863,0.04182831864495292,0.0010273545970021262,0.0,40.71458751146889,-1.3151230848607611,0.9124733421659085,0.14950760493507476,-3.1035379723588346,0.4732918026373123
linear_benchmark,,8,direct_debt_ratio_over_initial_investment,debt_dyn_ratio_h8,gi_dyn0,2004,2017,378,27,2004,2017,6,6,OK,POL,2025,{},-0.08206818532165448,0.04007755965308758,0.0405860611888722,0.0422665830928084,0.000896238937358038,0.0,47.159949574834584,-1.9416801481551098,0.9717729069702647,0.045707972239454886,-3.8463200469686205,-0.03704024934159911
liq,liq,0,direct_debt_ratio_over_initial_investment,debt_dyn_ratio_h0,gi_dyn0,2004,2025,583,27,2004,2025,8,8,OK,POL,2025,"{""liq"": 0.5755551475575922}",-0.06360578315149236,0.026799238421268152,0.017624326772430976,0.042140149843908466,0.001138000221967518,0.0,37.03000142746129,-1.509386734197549,0.6467079325467104,0.019598117092857192,-2.77691099050546,-0.24186247788963833
liq,liq,1,direct_debt_ratio_over_initial_investment,debt_dyn_ratio_h1,gi_dyn0,2004,2024,557,27,2004,2024,8,8,OK,POL,2025,"{""liq"": 0.5755551475575922}",-0.10593427113005784,0.0389747564263383,0.0065673340298841865,0.04215653766809654,0.0011459637960057642,0.0,36.78697164346062,-2.512878831845514,0.9477866856673752,0.008017958144623805,-4.370506600780153,-0.6552510629108741
liq,liq,2,direct_debt_ratio_over_initial_investment,debt_dyn_ratio_h2,gi_dyn0,2004,2023,531,27,2004,2023,8,8,OK,POL,2025,"{""liq"": 0.5755551475575922}",-0.09656588145440849,0.04981627798312527,0.05256952622746813,0.042148850481594925,0.0012164377362031279,0.0,34.64941051003096,-2.2910679734095183,1.210937202781811,0.05849375514045829,-4.664461278401543,0.08232533158250677
liq,liq,3,direct_debt_ratio_over_initial_investment,debt_dyn_ratio_h3,gi_dyn0,2004,2022,506,27,2004,2022,8,8,OK,POL,2025,"{""liq"": 0.5755551475575922}",-0.08434846189549221,0.06324555760460886,0.18231327972305666,0.04218870530702177,0.0011892300030108016,0.0,35.47564827679392,-1.9993138277569633,1.5259670273938621,0.19012999683844267,-4.990154243044579,0.9915265875306516
liq,liq,4,direct_debt_ratio_over_initial_investment,debt_dyn_ratio_h4,gi_dyn0,2004,2021,481,27,2004,2021,8,8,OK,POL,2025,"{""liq"": 0.5755551475575922}",-0.05359236614952396,0.05583758767698775,0.33716084523313405,0.042086770917552106,0.0011460740697626466,0.0,36.72255749252606,-1.2733779518155786,1.3489310344925165,0.3451745521361824,-3.9172341970492672,1.3704782934181103
liq,liq,5,direct_debt_ratio_over_initial_investment,debt_dyn_ratio_h5,gi_dyn0,2004,2020,456,27,2004,2020,8,8,OK,POL,2025,"{""liq"": 0.5755551475575922}",-0.0034982422961189713,0.03524969041176924,0.9209462967318904,0.04221692830790338,0.0010218405986606742,0.0,41.314592866281764,-0.08286349661929501,0.8361151708375936,0.9210546148468715,-1.7216191183885323,1.5558921251499425
liq,liq,6,direct_debt_ratio_over_initial_investment,debt_dyn_ratio_h6,gi_dyn0,2004,2019,431,27,2004,2019,8,8,OK,POL,2025,"{""liq"": 0.5755551475575922}",-0.010491148371920141,0.0350654546063433,0.7647969281574039,0.04235727202524888,0.0009501131227679609,0.0,44.581293543077905,-0.2476823428493327,0.8287067756712617,0.7650330240458216,-1.871917776909319,1.3765530912106536
liq,liq,7,direct_debt_ratio_over_initial_investment,debt_dyn_ratio_h7,gi_dyn0,2004,2018,405,27,2004,2018,8,8,OK,POL,2025,"{""liq"": 0.5755551475575922}",-0.053868467965515615,0.03637230974643146,0.13859868150544163,0.042828152126017274,0.0007238602505204392,0.0,59.16632678092877,-1.2577817461517693,0.8614602757085879,0.14427420481329234,-2.946212860652546,0.4306493683490076
liq,liq,8,direct_debt_ratio_over_initial_investment,debt_dyn_ratio_h8,gi_dyn0,2004,2017,378,27,2004,2017,8,8,OK,POL,2025,"{""liq"": 0.5755551475575922}",-0.08659084586514902,0.04039854978966434,0.03207981298896678,0.04313085766460748,0.0006491459672527964,0.0,66.44246416124012,-2.0076309759127313,0.9468707544499028,0.03398245239687081,-3.8634635526488093,-0.1517983991766534
liq+log_gdp_pc,liq|log_gdp_pc,0,direct_debt_ratio_over_initial_investment,debt_dyn_ratio_h0,gi_dyn0,2004,2025,583,27,2004,2025,10,10,OK,POL,2025,"{""liq"": 0.5755551475575922, ""log_gdp_pc"": 0.07401637081113775}",-0.07514997685895919,0.037706519370293415,0.04625888067666373,0.04124789270499871,0.0012364372481724333,0.0,33.36027992198298,-1.8219106948426478,0.938602354001108,0.05224748434921089,-3.661537504489333,0.017716114804037675
liq+log_gdp_pc,liq|log_gdp_pc,1,direct_debt_ratio_over_initial_investment,debt_dyn_ratio_h1,gi_dyn0,2004,2024,557,27,2004,2024,10,10,OK,POL,2025,"{""liq"": 0.5755551475575922, ""log_gdp_pc"": 0.07401637081113775}",-0.12789581495203814,0.06139082119964524,0.03722341615573521,0.04130280231669273,0.0012505402556997158,0.0,33.0279670154101,-3.0965408586900756,1.5338790644660696,0.043511685093878816,-6.102888581683563,-0.09019313569658838
liq+log_gdp_pc,liq|log_gdp_pc,2,direct_debt_ratio_over_initial_investment,debt_dyn_ratio_h2,gi_dyn0,2004,2023,531,27,2004,2023,10,10,OK,POL,2025,"{""liq"": 0.5755551475575922, ""log_gdp_pc"": 0.07401637081113775}",-0.10753055273726134,0.07748931164743535,0.16523378245883813,0.04131609994820361,0.0013798880027611567,0.0,29.941632846673112,-2.6026307631182086,1.9165434688407252,0.17446952327390086,-6.358986936851492,1.153725410615075
liq+log_gdp_pc,liq|log_gdp_pc,3,direct_debt_ratio_over_initial_investment,debt_dyn_ratio_h3,gi_dyn0,2004,2022,506,27,2004,2022,10,10,OK,POL,2025,"{""liq"": 0.5755551475575922, ""log_gdp_pc"": 0.07401637081113775}",-0.05124991185757003,0.08577582254086151,0.5501824941367341,0.04133574151889832,0.0014774912720194864,0.0,27.976978478119328,-1.2398449858251372,2.098203843638272,0.5545822094819168,-5.352248951579661,2.872558979929386
liq+log_gdp_pc,liq|log_gdp_pc,4,direct_debt_ratio_over_initial_investment,debt_dyn_ratio_h4,gi_dyn0,2004,2021,481,27,2004,2021,10,10,OK,POL,2025,"{""liq"": 0.5755551475575922, ""log_gdp_pc"": 0.07401637081113775}",-0.023517099429385332,0.07035317209622764,0.7381742754984457,0.0412318028915988,0.001530037486529614,0.0,26.948230520233565,-0.5703631124550478,1.7227281100074257,0.7405830542568315,-3.9468481632243573,2.8061219383142615
liq+log_gdp_pc,liq|log_gdp_pc,5,direct_debt_ratio_over_initial_investment,debt_dyn_ratio_h5,gi_dyn0,2004,2020,456,27,2004,2020,10,10,OK,POL,2025,"{""liq"": 0.5755551475575922, ""log_gdp_pc"": 0.07401637081113775}",0.04539362856832183,0.0672195123654301,0.49948242586567404,0.04131290645647246,0.0015121784590860607,0.0,27.320126277583267,1.0987759628131912,1.5923203620355972,0.49016460204697854,-2.0221145986263585,4.219666524252741
liq+log_gdp_pc,liq|log_gdp_pc,6,direct_debt_ratio_over_initial_investment,debt_dyn_ratio_h6,gi_dyn0,2004,2019,431,27,2004,2019,10,10,OK,POL,2025,"{""liq"": 0.5755551475575922, ""log_gdp_pc"": 0.07401637081113775}",0.05652602752449489,0.05191431047156083,0.2762274249396861,0.04142887728118295,0.0015244273841803256,0.0,27.176681363185413,1.3644112810696198,1.215619999671295,0.26169261654181586,-1.0181601371727103,3.7469826993119497
liq+log_gdp_pc,liq|log_gdp_pc,7,direct_debt_ratio_over_initial_investment,debt_dyn_ratio_h7,gi_dyn0,2004,2018,405,27,2004,2018,10,10,OK,POL,2025,"{""liq"": 0.5755551475575922, ""log_gdp_pc"": 0.07401637081113775}",0.03518408890317726,0.05801640336743889,0.5442155048328252,0.04208273645735448,0.0013642446308399186,0.0,30.846913747020274,0.8360694162280029,1.3591926646622814,0.5384741027102042,-1.8278992545610948,3.5000380870171006
liq+log_gdp_pc,liq|log_gdp_pc,8,direct_debt_ratio_over_initial_investment,debt_dyn_ratio_h8,gi_dyn0,2004,2017,378,27,2004,2017,10,10,OK,POL,2025,"{""liq"": 0.5755551475575922, ""log_gdp_pc"": 0.07401637081113775}",0.051740398025289756,0.036564627627212756,0.15705686985637723,0.04225351216058719,0.001397326817199913,0.0,30.23881860741678,1.2245230131082843,0.8411387883146986,0.1454501627446334,-0.42407871798818486,2.8731247442047536
log_gdp_pc,log_gdp_pc,0,direct_debt_ratio_over_initial_investment,debt_dyn_ratio_h0,gi_dyn0,2004,2025,583,27,2004,2025,8,8,OK,POL,2025,"{""log_gdp_pc"": 0.07401637081113775}",-0.07148912615490463,0.030731979213657508,0.020007196404571825,0.03975534381592781,0.001279621945718331,0.0,31.06803845381901,-1.7982268367721377,0.8004674876277554,0.024673867884532852,-3.3671142833177994,-0.2293393902264762
log_gdp_pc,log_gdp_pc,1,direct_debt_ratio_over_initial_investment,debt_dyn_ratio_h1,gi_dyn0,2004,2024,557,27,2004,2024,8,8,OK,POL,2025,"{""log_gdp_pc"": 0.07401637081113775}",-0.11889865685286041,0.05203993791240789,0.022327030214301935,0.039786460455826685,0.001296865383987775,0.0,30.67894397295574,-2.988420067798412,1.3612942425241,0.028143621718655254,-5.656507755507381,-0.3203323800894431
log_gdp_pc,log_gdp_pc,2,direct_debt_ratio_over_initial_investment,debt_dyn_ratio_h2,gi_dyn0,2004,2023,531,27,2004,2023,8,8,OK,POL,2025,"{""log_gdp_pc"": 0.07401637081113775}",-0.10752054343553155,0.06991606506115201,0.12408486550788256,0.039786282408981646,0.0013890581042522567,0.0,28.642633657430036,-2.7024526275231757,1.8046627250502711,0.13426749955433426,-6.239526572863616,0.8346213178172643
log_gdp_pc,log_gdp_pc,3,direct_debt_ratio_over_initial_investment,debt_dyn_ratio_h3,gi_dyn0,2004,2022,506,27,2004,2022,8,8,OK,POL,2025,"{""log_gdp_pc"": 0.07401637081113775}",-0.05764484311669376,0.07596648378184796,0.44796058732339783,0.03980766360519818,0.001485283949606559,0.0,26.801382736104397,-1.4480840596021907,1.9380596078190906,0.4549534569495499,-5.246611090819429,2.3504429716150472
log_gdp_pc,log_gdp_pc,4,direct_debt_ratio_over_initial_investment,debt_dyn_ratio_h4,gi_dyn0,2004,2021,481,27,2004,2021,8,8,OK,POL,2025,"{""log_gdp_pc"": 0.07401637081113775}",-0.030330906150830072,0.06728469502177581,0.652144782095587,0.039713344248176526,0.0015515835609383136,0.0,25.595362858936227,-0.7637459580660408,1.718746096267423,0.6567806699357941,-4.132426405319002,2.60493448918692
log_gdp_pc,log_gdp_pc,5,direct_debt_ratio_over_initial_investment,debt_dyn_ratio_h5,gi_dyn0,2004,2020,456,27,2004,2020,8,8,OK,POL,2025,"{""log_gdp_pc"": 0.07401637081113775}",0.03602446821322822,0.06860827863129282,0.5995312944922278,0.03989602451675735,0.0015759957005223224,0.0,25.314805429694292,0.9029588448868389,1.6872425830349846,0.592533443444192,-2.403975851044062,4.209893540817739
log_gdp_pc,log_gdp_pc,6,direct_debt_ratio_over_initial_investment,debt_dyn_ratio_h6,gi_dyn0,2004,2019,431,27,2004,2019,8,8,OK,POL,2025,"{""log_gdp_pc"": 0.07401637081113775}",0.04035358501442869,0.06293297886898816,0.5213828507969462,0.039983009832519394,0.001602348551266623,0.0,24.95275438100759,1.0092683163038891,1.54113079178915,0.5125397606091713,-2.0112925310685403,4.029829163676319
log_gdp_pc,log_gdp_pc,7,direct_debt_ratio_over_initial_investment,debt_dyn_ratio_h7,gi_dyn0,2004,2018,405,27,2004,2018,8,8,OK,POL,2025,"{""log_gdp_pc"": 0.07401637081113775}",0.009859619875205524,0.06995494039169091,0.8879154157779856,0.0404031551988254,0.0015533195442639922,0.0,26.010845835310455,0.24403093834345305,1.723725490741293,0.8874182346674431,-3.1344089427431108,3.622470819430017
log_gdp_pc,log_gdp_pc,8,direct_debt_ratio_over_initial_investment,debt_dyn_ratio_h8,gi_dyn0,2004,2017,378,27,2004,2017,8,8,OK,POL,2025,"{""log_gdp_pc"": 0.07401637081113775}",0.041112500935541835,0.042407097487510814,0.3323096578383591,0.04075830667811546,0.001603359909613302,0.0,25.420559934011038,1.0086901121831087,1.0105946247887736,0.31822337740961504,-0.9720389553726563,2.9894191797388734
trade,trade,0,direct_debt_ratio_over_initial_investment,debt_dyn_ratio_h0,gi_dyn0,2004,2025,531,27,2004,2023,8,8,OK,POL,2025,"{""trade"": -0.16113002632933232}",-0.06529964259520553,0.02426639626843456,0.007124901712097342,0.04117361687130627,0.0012433205989083869,0.0,33.11584872594886,-1.5859583771643968,0.5988808567385625,0.008092079945962949,-2.7597432874024705,-0.41217346692632306
trade,trade,1,direct_debt_ratio_over_initial_investment,debt_dyn_ratio_h1,gi_dyn0,2004,2024,531,27,2004,2023,8,8,OK,POL,2025,"{""trade"": -0.16113002632933232}",-0.10430877923967,0.03572539306514506,0.0035032604197535733,0.04117361687130627,0.0012433205989083869,0.0,33.11584872594886,-2.533388785486134,0.8869597438620785,0.004286621995348128,-4.271797939192679,-0.7949796317795892
trade,trade,2,direct_debt_ratio_over_initial_investment,debt_dyn_ratio_h2,gi_dyn0,2004,2023,531,27,2004,2023,8,8,OK,POL,2025,"{""trade"": -0.16113002632933232}",-0.09474191858295325,0.05070197639130334,0.06167792146929374,0.04117361687130627,0.0013715757207078735,0.0,30.019208017225964,-2.3010346377652944,1.2627193054428485,0.06841173038357073,-4.775918999016708,0.1738497234861196
trade,trade,3,direct_debt_ratio_over_initial_investment,debt_dyn_ratio_h3,gi_dyn0,2004,2022,506,27,2004,2022,8,8,OK,POL,2025,"{""trade"": -0.16113002632933232}",-0.07774761654079577,0.06683017933140341,0.24468311270750664,0.041220977710837055,0.001481260139828939,0.0,27.828317661742652,-1.8861177210834525,1.6536502365354155,0.2540454151162157,-5.1272126277190075,1.3549771855521024
trade,trade,4,direct_debt_ratio_over_initial_investment,debt_dyn_ratio_h4,gi_dyn0,2004,2021,481,27,2004,2021,8,8,OK,POL,2025,"{""trade"": -0.16113002632933232}",-0.03368815115371584,0.062382249638872914,0.5891778372340168,0.04113296630391102,0.0015482812717179893,0.0,26.566856459013707,-0.8190061204147265,1.5369819625802679,0.5941260317859289,-3.8314354119597396,2.1934231711302865
trade,trade,5,direct_debt_ratio_over_initial_investment,debt_dyn_ratio_h5,gi_dyn0,2004,2020,456,27,2004,2020,8,8,OK,POL,2025,"{""trade"": -0.16113002632933232}",0.03663767787323928,0.04888562469011357,0.4535817542106262,0.0413648847623819,0.0015517895605919802,0.0,26.656246318993105,0.8857193265181863,1.156766043263101,0.4438632817285719,-1.381500456816393,3.1529391098527655
trade,trade,6,direct_debt_ratio_over_initial_investment,debt_dyn_ratio_h6,gi_dyn0,2004,2019,431,27,2004,2019,8,8,OK,POL,2025,"{""trade"": -0.16113002632933232}",0.028332076272949033,0.04859216851176966,0.5598539280706394,0.04150592398721569,0.0015608804139679343,0.0,26.59135422277671,0.6826031937435159,1.1596727426948685,0.5561181677379099,-1.590313615791211,2.9555200032782425
trade,trade,7,direct_debt_ratio_over_initial_investment,debt_dyn_ratio_h7,gi_dyn0,2004,2018,405,27,2004,2018,8,8,OK,POL,2025,"{""trade"": -0.16113002632933232}",-0.030349140384888024,0.055483614155508496,0.5843836424524718,0.04189718805302796,0.0013997101228680816,0.0,29.93276062559179,-0.7243717727900036,1.344053206441052,0.589924283216257,-3.358667650720043,1.9099241051400355
trade,trade,8,direct_debt_ratio_over_initial_investment,debt_dyn_ratio_h8,gi_dyn0,2004,2017,378,27,2004,2017,8,8,OK,POL,2025,"{""trade"": -0.16113002632933232}",-0.06859232799973035,0.05507087517058802,0.21293765644591334,0.04230952609871764,0.0011995021225990649,0.0,35.27257292971015,-1.6212029376006014,1.334891952526502,0.2245635222250253,-4.237543087804896,0.995137212603693
trade+debt,trade|debt,0,direct_debt_ratio_over_initial_investment,debt_dyn_ratio_h0,gi_dyn0,2004,2025,531,27,2004,2023,10,10,OK,POL,2025,"{""debt"": -0.08146573873820974, ""trade"": -0.16113002632933232}",-0.049184746311727416,0.01668308445653211,0.00319650240611713,0.042184975818201575,0.0008144526880181555,0.0,51.79548970591795,-1.1659304137968867,0.3916746296709044,0.0029129002050976016,-1.9335985816099224,-0.39826224598385107
trade+debt,trade|debt,1,direct_debt_ratio_over_initial_investment,debt_dyn_ratio_h1,gi_dyn0,2004,2024,531,27,2004,2023,10,10,OK,POL,2025,"{""debt"": -0.08146573873820974, ""trade"": -0.16113002632933232}",-0.07129599750668085,0.022287043580084445,0.001379106400010155,0.042184975818201575,0.0008144526880181555,0.0,51.79548970591795,-1.6900803218172933,0.5177133481211053,0.0010965365221800027,-2.704779838450307,-0.67538080518428
trade+debt,trade|debt,2,direct_debt_ratio_over_initial_investment,debt_dyn_ratio_h2,gi_dyn0,2004,2023,531,27,2004,2023,10,10,OK,POL,2025,"{""debt"": -0.08146573873820974, ""trade"": -0.16113002632933232}",-0.048038715239144984,0.024653260867844824,0.05134626096949546,0.042184975818201575,0.0008347772847458176,0.0,50.53440790623158,-1.1387636073603649,0.5781552421417305,0.048878470328705736,-2.2719270594311904,-0.005600155289539277
trade+debt,trade|debt,3,direct_debt_ratio_over_initial_investment,debt_dyn_ratio_h3,gi_dyn0,2004,2022,506,27,2004,2022,10,10,OK,POL,2025,"{""debt"": -0.08146573873820974, ""trade"": -0.16113002632933232}",-0.021603090450290727,0.030209403119281455,0.4745401715476587,0.04222345663320338,0.0008989427472658477,0.0,46.97012881145864,-0.511637183993663,0.7150225421712605,0.47426683450243234,-1.9130556147836049,0.889781246796279
trade+debt,trade|debt,4,direct_debt_ratio_over_initial_investment,debt_dyn_ratio_h4,gi_dyn0,2004,2021,481,27,2004,2021,10,10,OK,POL,2025,"{""debt"": -0.08146573873820974, ""trade"": -0.16113002632933232}",0.013142840569503818,0.02938534275274808,0.6546885194608798,0.04212779460345413,0.0009074410398376821,0.0,46.42482845055113,0.31197551861464434,0.6964653980332668,0.6541956617645446,-1.0530715780089115,1.6770226152382004
trade+debt,trade|debt,5,direct_debt_ratio_over_initial_investment,debt_dyn_ratio_h5,gi_dyn0,2004,2020,456,27,2004,2020,10,10,OK,POL,2025,"{""debt"": -0.08146573873820974, ""trade"": -0.16113002632933232}",0.046128443142978585,0.026345529257864205,0.07996277083126202,0.04220655224687292,0.0009002364710541118,0.0,46.88385063699108,1.0929213756472194,0.6162417975373411,0.0761414463658272,-0.1148903532941925,2.3007331045886312
trade+debt,trade|debt,6,direct_debt_ratio_over_initial_investment,debt_dyn_ratio_h6,gi_dyn0,2004,2019,431,27,2004,2019,10,10,OK,POL,2025,"{""debt"": -0.08146573873820974, ""trade"": -0.16113002632933232}",0.028272777369701612,0.019943240773564092,0.156289428889812,0.04235272897443014,0.000854145402751035,0.0,49.584917085569145,0.6675550325640386,0.4727091642735334,0.15789410020716876,-0.2589379045741146,1.5940479697021916
trade+debt,trade|debt,7,direct_debt_ratio_over_initial_investment,debt_dyn_ratio_h7,gi_dyn0,2004,2018,405,27,2004,2018,10,10,OK,POL,2025,"{""debt"": -0.08146573873820974, ""trade"": -0.16113002632933232}",-0.005986844749724219,0.0156897059618409,0.7027744936259668,0.04255653308438939,0.0007013707169924218,0.0,60.676233058143495,-0.14067980438755046,0.3698979474423942,0.7037074556615084,-0.8656664593299326,0.5843068505548317
trade+debt,trade|debt,8,direct_debt_ratio_over_initial_investment,debt_dyn_ratio_h8,gi_dyn0,2004,2017,378,27,2004,2017,10,10,OK,POL,2025,"{""debt"": -0.08146573873820974, ""trade"": -0.16113002632933232}",-0.040845636437689965,0.012286739364316826,0.0008861934794255344,0.04274346252235891,0.0005185650800146459,0.0,82.42641891959192,-0.9555996175163348,0.2873693764281168,0.0008831216481539617,-1.518833245575177,-0.39236598945749257
trade+debt+liq,trade|debt|liq,0,direct_debt_ratio_over_initial_investment,debt_dyn_ratio_h0,gi_dyn0,2004,2025,531,27,2004,2023,12,12,OK,POL,2025,"{""debt"": -0.08146573873820974, ""liq"": 0.5755551475575922, ""trade"": -0.16113002632933232}",-0.05004252540267017,0.01870135119679854,0.007453387611806139,0.04266781968900655,0.0007982212637505056,0.0,53.45362448568262,-1.172839994342709,0.43462122754535715,0.0069645702843588175,-2.0246819472481965,-0.32099804143722166
trade+debt+liq,trade|debt|liq,1,direct_debt_ratio_over_initial_investment,debt_dyn_ratio_h1,gi_dyn0,2004,2024,531,27,2004,2023,12,12,OK,POL,2025,"{""debt"": -0.08146573873820974, ""liq"": 0.5755551475575922, ""trade"": -0.16113002632933232}",-0.07420964805963402,0.023036258378484102,0.0012755350117439335,0.04266781968900655,0.0007982212637505056,0.0,53.45362448568262,-1.7392416251996652,0.5317778350550666,0.0010731314226928301,-2.7815070296842768,-0.6969762207150536
trade+debt+liq,trade|debt|liq,2,direct_debt_ratio_over_initial_investment,debt_dyn_ratio_h2,gi_dyn0,2004,2023,531,27,2004,2023,12,12,OK,POL,2025,"{""debt"": -0.08146573873820974, ""liq"": 0.5755551475575922, ""trade"": -0.16113002632933232}",-0.05017261306318312,0.024798490223685167,0.04305125319398728,0.04266781968900655,0.0007821171537206285,0.0,54.55425633619008,-1.1758888414940545,0.5790671057179831,0.04228942082705478,-2.310839513333149,-0.04093816965496
trade+debt+liq,trade|debt|liq,3,direct_debt_ratio_over_initial_investment,debt_dyn_ratio_h3,gi_dyn0,2004,2022,506,27,2004,2022,12,12,OK,POL,2025,"{""debt"": -0.08146573873820974, ""liq"": 0.5755551475575922, ""trade"": -0.16113002632933232}",-0.02216457757709542,0.031049885678319417,0.47532757250666746,0.04269573247641247,0.000786130952710361,0.0,54.31122172356839,-0.5191286410027134,0.7288076740174302,0.47627992891331594,-1.9475654337332842,0.9093081517278574
trade+debt+liq,trade|debt|liq,4,direct_debt_ratio_over_initial_investment,debt_dyn_ratio_h4,gi_dyn0,2004,2021,481,27,2004,2021,12,12,OK,POL,2025,"{""debt"": -0.08146573873820974, ""liq"": 0.5755551475575922, ""trade"": -0.16113002632933232}",0.015513040095418457,0.029183808669852332,0.595028525576945,0.042587821740690965,0.0007400973382390357,0.0,57.54354128880275,0.3642600034787965,0.6831773951663151,0.5939054590440298,-0.9747430860990692,1.7032630930566621
trade+debt+liq,trade|debt|liq,5,direct_debt_ratio_over_initial_investment,debt_dyn_ratio_h5,gi_dyn0,2004,2020,456,27,2004,2020,12,12,OK,POL,2025,"{""debt"": -0.08146573873820974, ""liq"": 0.5755551475575922, ""trade"": -0.16113002632933232}",0.04803218207079012,0.02773268340703439,0.08327886298351972,0.04260724683779412,0.0007042273756604754,0.0,60.50211666059412,1.1273242379083714,0.6441473393467126,0.08010052964687087,-0.13518134794848535,2.3898298237652282
trade+debt+liq,trade|debt|liq,6,direct_debt_ratio_over_initial_investment,debt_dyn_ratio_h6,gi_dyn0,2004,2019,431,27,2004,2019,12,12,OK,POL,2025,"{""debt"": -0.08146573873820974, ""liq"": 0.5755551475575922, ""trade"": -0.16113002632933232}",0.03193553789699901,0.019592268590817037,0.10309998573915546,0.04275466418763581,0.0006210944064973692,0.0,68.8376255531725,0.7469486313082638,0.46025282223874564,0.10460877395945523,-0.15513032406259297,1.6490275866791206
trade+debt+liq,trade|debt|liq,7,direct_debt_ratio_over_initial_investment,debt_dyn_ratio_h7,gi_dyn0,2004,2018,405,27,2004,2018,12,12,OK,POL,2025,"{""debt"": -0.08146573873820974, ""liq"": 0.5755551475575922, ""trade"": -0.16113002632933232}",-0.0027689822969295492,0.016822526162245856,0.8692590890076333,0.04302374312304105,0.0004317828491107033,0.0,99.6420844682748,-0.06435940008777713,0.39127816485899175,0.8693493317758381,-0.8312505111483266,0.7025317109727722
trade+debt+liq,trade|debt|liq,8,direct_debt_ratio_over_initial_investment,debt_dyn_ratio_h8,gi_dyn0,2004,2017,378,27,2004,2017,12,12,OK,POL,2025,"{""debt"": -0.08146573873820974, ""liq"": 0.5755551475575922, ""trade"": -0.16113002632933232}",-0.03846220715576955,0.012917946404051802,0.0029068144557689024,0.043121027783824664,0.0003728145717559781,0.0,115.66347200626345,-0.8919594251924879,0.2994187690352344,0.0028921942516619836,-1.4788094287968638,-0.30510942158811194
trade+debt+liq+log_gdp_pc,trade|debt|liq|log_gdp_pc,0,direct_debt_ratio_over_initial_investment,debt_dyn_ratio_h0,gi_dyn0,2004,2025,531,27,2004,2023,14,14,OK,POL,2025,"{""debt"": -0.08146573873820974, ""liq"": 0.5755551475575922, ""log_gdp_pc"": 0.07401637081113775, ""trade"": -0.16113002632933232}",-0.06569253497978203,0.02467487998590382,0.007760304927621808,0.04184469055207804,0.0009195879999652968,0.0,45.503737057962006,-1.5699132700724368,0.587036799088799,0.007488513996129376,-2.720484253886158,-0.4193422862587155
trade+debt+liq+log_gdp_pc,trade|debt|liq|log_gdp_pc,1,direct_debt_ratio_over_initial_investment,debt_dyn_ratio_h1,gi_dyn0,2004,2024,531,27,2004,2023,14,14,OK,POL,2025,"{""debt"": -0.08146573873820974, ""liq"": 0.5755551475575922, ""log_gdp_pc"": 0.07401637081113775, ""trade"": -0.16113002632933232}",-0.10734572860264406,0.03281806290951169,0.0010719279912685398,0.04184469055207804,0.0009195879999652968,0.0,45.503737057962006,-2.5653368966618677,0.7785319664153991,0.0009838836411057983,-4.091231511649196,-1.039442281674539
trade+debt+liq+log_gdp_pc,trade|debt|liq|log_gdp_pc,2,direct_debt_ratio_over_initial_investment,debt_dyn_ratio_h2,gi_dyn0,2004,2023,531,27,2004,2023,14,14,OK,POL,2025,"{""debt"": -0.08146573873820974, ""liq"": 0.5755551475575922, ""log_gdp_pc"": 0.07401637081113775, ""trade"": -0.16113002632933232}",-0.08304235515151984,0.04026937257824416,0.03919140467325066,0.04184469055207804,0.0009941280479027208,0.0,42.09185189006226,-1.9845374420482096,0.9432430034564127,0.03538268623114016,-3.8332597574921676,-0.13581512660425177
trade+debt+liq+log_gdp_pc,trade|debt|liq|log_gdp_pc,3,direct_debt_ratio_over_initial_investment,debt_dyn_ratio_h3,gi_dyn0,2004,2022,506,27,2004,2022,14,14,OK,POL,2025,"{""debt"": -0.08146573873820974, ""liq"": 0.5755551475575922, ""log_gdp_pc"": 0.07401637081113775, ""trade"": -0.16113002632933232}",-0.035428417346428105,0.043078530425106024,0.4108409069904826,0.04186229957092509,0.0011298539871089353,0.0,37.05107035825234,-0.8463084376529197,1.0233300906896121,0.4082290565785194,-2.8519985597006663,1.1593816843948268
trade+debt+liq+log_gdp_pc,trade|debt|liq|log_gdp_pc,4,direct_debt_ratio_over_initial_investment,debt_dyn_ratio_h4,gi_dyn0,2004,2021,481,27,2004,2021,14,14,OK,POL,2025,"{""debt"": -0.08146573873820974, ""liq"": 0.5755551475575922, ""log_gdp_pc"": 0.07401637081113775, ""trade"": -0.16113002632933232}",-0.016297064732605417,0.02955516762223849,0.5813514933760418,0.041776077653872,0.0012153215583546324,0.0,34.374505550967676,-0.3901051905263042,0.7080345753586585,0.5816548398049988,-1.7778274580383853,0.9976170769857768
trade+debt+liq+log_gdp_pc,trade|debt|liq|log_gdp_pc,5,direct_debt_ratio_over_initial_investment,debt_dyn_ratio_h5,gi_dyn0,2004,2020,456,27,2004,2020,14,14,OK,POL,2025,"{""debt"": -0.08146573873820974, ""liq"": 0.5755551475575922, ""log_gdp_pc"": 0.07401637081113775, ""trade"": -0.16113002632933232}",0.049135300307930105,0.0412990618863244,0.23414712846325814,0.041785114582923236,0.0012170874642452414,0.0,34.3320556742696,1.1759044051541443,0.9785780447146818,0.22950070638992548,-0.742073318548258,3.0938821288565466
trade+debt+liq+log_gdp_pc,trade|debt|liq|log_gdp_pc,6,direct_debt_ratio_over_initial_investment,debt_dyn_ratio_h6,gi_dyn0,2004,2019,431,27,2004,2019,14,14,OK,POL,2025,"{""debt"": -0.08146573873820974, ""liq"": 0.5755551475575922, ""log_gdp_pc"": 0.07401637081113775, ""trade"": -0.16113002632933232}",0.029645917402863434,0.03511120399440189,0.3984774763237833,0.04195632594325579,0.0012086419003760702,0.0,34.71361197241386,0.7065899297988657,0.8426305317844291,0.401720481311691,-0.9449355647724481,2.3581154243701796
trade+debt+liq+log_gdp_pc,trade|debt|liq|log_gdp_pc,7,direct_debt_ratio_over_initial_investment,debt_dyn_ratio_h7,gi_dyn0,2004,2018,405,27,2004,2018,14,14,OK,POL,2025,"{""debt"": -0.08146573873820974, ""liq"": 0.5755551475575922, ""log_gdp_pc"": 0.07401637081113775, ""trade"": -0.16113002632933232}",-0.00725322108507709,0.02774335436222887,0.7937532549036694,0.04239781878228216,0.0010373293313826366,0.0,40.87209095473171,-0.17107533579317472,0.653814564819218,0.7935856846275473,-1.4525283354065701,1.1103776638202207
trade+debt+liq+log_gdp_pc,trade|debt|liq|log_gdp_pc,8,direct_debt_ratio_over_initial_investment,debt_dyn_ratio_h8,gi_dyn0,2004,2017,378,27,2004,2017,14,14,OK,POL,2025,"{""debt"": -0.08146573873820974, ""liq"": 0.5755551475575922, ""log_gdp_pc"": 0.07401637081113775, ""trade"": -0.16113002632933232}",-0.02396455197390087,0.03091576731426331,0.43824730381689037,0.04255258302467299,0.0010030110457725045,0.0,42.424839889873404,-0.5631750241813912,0.7182658379814463,0.43299550146048826,-1.9709501979505069,0.8446001495877246
trade+debt+log_gdp_pc,trade|debt|log_gdp_pc,0,direct_debt_ratio_over_initial_investment,debt_dyn_ratio_h0,gi_dyn0,2004,2025,531,27,2004,2023,12,12,OK,POL,2025,"{""debt"": -0.08146573873820974, ""log_gdp_pc"": 0.07401637081113775, ""trade"": -0.16113002632933232}",-0.06138899984862555,0.01924841922797373,0.0014261736679632708,0.0409310879709231,0.0010435958188748308,0.0,39.22120732052529,-1.499813537627817,0.46897126802188516,0.001383398545884873,-2.418980332734792,-0.5806467425208417
trade+debt+log_gdp_pc,trade|debt|log_gdp_pc,1,direct_debt_ratio_over_initial_investment,debt_dyn_ratio_h1,gi_dyn0,2004,2024,531,27,2004,2023,12,12,OK,POL,2025,"{""debt"": -0.08146573873820974, ""log_gdp_pc"": 0.07401637081113775, ""trade"": -0.16113002632933232}",-0.0960322015002429,0.028728293115151307,0.0008294531655563819,0.0409310879709231,0.0010435958188748308,0.0,39.22120732052529,-2.346192252902315,0.6933159365025316,0.0007143382873460169,-3.7050665183549354,-0.9873179874496945
trade+debt+log_gdp_pc,trade|debt|log_gdp_pc,2,direct_debt_ratio_over_initial_investment,debt_dyn_ratio_h2,gi_dyn0,2004,2023,531,27,2004,2023,12,12,OK,POL,2025,"{""debt"": -0.08146573873820974, ""log_gdp_pc"": 0.07401637081113775, ""trade"": -0.16113002632933232}",-0.0732861194170573,0.037199610834030956,0.04882947958903494,0.0409310879709231,0.0011498558073557432,0.0,35.5967137001725,-1.7904757251778598,0.8833468065099674,0.04267031503168495,-3.5218036517958673,-0.05914779855985253
trade+debt+log_gdp_pc,trade|debt|log_gdp_pc,3,direct_debt_ratio_over_initial_investment,debt_dyn_ratio_h3,gi_dyn0,2004,2022,506,27,2004,2022,12,12,OK,POL,2025,"{""debt"": -0.08146573873820974, ""log_gdp_pc"": 0.07401637081113775, ""trade"": -0.16113002632933232}",-0.03015384906382594,0.0407997938442767,0.4598653047064043,0.04093829782802118,0.001309558914881439,0.0,31.26113484686371,-0.736568217625952,0.987161323959511,0.4555781568802748,-2.67136885951747,1.1982324242655655
trade+debt+log_gdp_pc,trade|debt|log_gdp_pc,4,direct_debt_ratio_over_initial_investment,debt_dyn_ratio_h4,gi_dyn0,2004,2021,481,27,2004,2021,12,12,OK,POL,2025,"{""debt"": -0.08146573873820974, ""log_gdp_pc"": 0.07401637081113775, ""trade"": -0.16113002632933232}",-0.015542008701544006,0.028663369518939136,0.5876631986898841,0.04086447330751885,0.001417585446714397,0.0,28.826814921267932,-0.38033057674780696,0.6995924646016174,0.5866851659008459,-1.7515066112225892,0.9908454577269754
trade+debt+log_gdp_pc,trade|debt|log_gdp_pc,5,direct_debt_ratio_over_initial_investment,debt_dyn_ratio_h5,gi_dyn0,2004,2020,456,27,2004,2020,12,12,OK,POL,2025,"{""debt"": -0.08146573873820974, ""log_gdp_pc"": 0.07401637081113775, ""trade"": -0.16113002632933232}",0.04431660873955429,0.0368527609806178,0.22915763991030635,0.04094949834896586,0.0014778464772570404,0.0,27.708898711163993,1.0822259252578479,0.8910212510088924,0.22452232317919352,-0.664143636179404,2.8285954866950997
trade+debt+log_gdp_pc,trade|debt|log_gdp_pc,6,direct_debt_ratio_over_initial_investment,debt_dyn_ratio_h6,gi_dyn0,2004,2019,431,27,2004,2019,12,12,OK,POL,2025,"{""debt"": -0.08146573873820974, ""log_gdp_pc"": 0.07401637081113775, ""trade"": -0.16113002632933232}",0.021284076811417176,0.03537399804246448,0.5473824664326681,0.041089063095265464,0.0015134656328217929,0.0,27.14898984435916,0.5179985915490407,0.8672514151759464,0.550315323979385,-1.1817829477372075,2.2177801308352887
trade+debt+log_gdp_pc,trade|debt|log_gdp_pc,7,direct_debt_ratio_over_initial_investment,debt_dyn_ratio_h7,gi_dyn0,2004,2018,405,27,2004,2018,12,12,OK,POL,2025,"{""debt"": -0.08146573873820974, ""log_gdp_pc"": 0.07401637081113775, ""trade"": -0.16113002632933232}",-0.01459954807306378,0.024049956670908288,0.543817127025205,0.041353774194123595,0.001444534787497557,0.0,28.627745452750844,-0.3530402812698626,0.5794960575842502,0.5423789763802971,-1.4888316833179418,0.7827511207782167
trade+debt+log_gdp_pc,trade|debt|log_gdp_pc,8,direct_debt_ratio_over_initial_investment,debt_dyn_ratio_h8,gi_dyn0,2004,2017,378,27,2004,2017,12,12,OK,POL,2025,"{""debt"": -0.08146573873820974, ""log_gdp_pc"": 0.07401637081113775, ""trade"": -0.16113002632933232}",-0.032967077646516345,0.030566325387142095,0.28079177490312235,0.041728344390204196,0.0012879648578767056,0.0,32.39866688520998,-0.790040394084157,0.7153734334255846,0.2694305866032387,-2.192146559095064,0.6120657709267502
trade+liq,trade|liq,0,direct_debt_ratio_over_initial_investment,debt_dyn_ratio_h0,gi_dyn0,2004,2025,531,27,2004,2023,10,10,OK,POL,2025,"{""liq"": 0.5755551475575922, ""trade"": -0.16113002632933232}",-0.06487119889924593,0.02572085842621399,0.01166485219281066,0.042000074430365256,0.0011740567713932391,0.0,35.77346126160856,-1.5445496175679463,0.6183537889773223,0.012495212678419021,-2.756500773667378,-0.33259846146851424
trade+liq,trade|liq,1,direct_debt_ratio_over_initial_investment,debt_dyn_ratio_h1,gi_dyn0,2004,2024,531,27,2004,2023,10,10,OK,POL,2025,"{""liq"": 0.5755551475575922, ""trade"": -0.16113002632933232}",-0.10485611937837959,0.035202930420776254,0.0028955051706862633,0.042000074430365256,0.0011740567713932391,0.0,35.77346126160856,-2.496569846613667,0.8516624506592974,0.0033742964506460194,-4.16579757689101,-0.8273421163363242
trade+liq,trade|liq,2,direct_debt_ratio_over_initial_investment,debt_dyn_ratio_h2,gi_dyn0,2004,2023,531,27,2004,2023,10,10,OK,POL,2025,"{""liq"": 0.5755551475575922, ""trade"": -0.16113002632933232}",-0.09376332953877257,0.047071317898846665,0.04637743502010894,0.042000074430365256,0.0012715078759089054,0.0,33.03170607601825,-2.2324562708627838,1.1466924228539992,0.051550824752288005,-4.479932121001596,0.01501957927602815
trade+liq,trade|liq,3,direct_debt_ratio_over_initial_investment,debt_dyn_ratio_h3,gi_dyn0,2004,2022,506,27,2004,2022,10,10,OK,POL,2025,"{""liq"": 0.5755551475575922, ""trade"": -0.16113002632933232}",-0.07734665406704198,0.06410231831336304,0.22758143753321192,0.0420278511541278,0.0013122943264457165,0.0,32.026238555765254,-1.8403666126871518,1.5534609039725735,0.23614079789846842,-4.88509403586443,1.2043608104901267
trade+liq,trade|liq,4,direct_debt_ratio_over_initial_investment,debt_dyn_ratio_h4,gi_dyn0,2004,2021,481,27,2004,2021,10,10,OK,POL,2025,"{""liq"": 0.5755551475575922, ""trade"": -0.16113002632933232}",-0.034268698166596695,0.05930166976028762,0.563351409706615,0.041918813947898044,0.0013243835897653001,0.0,31.651565507034608,-0.8175016165579048,1.432440551669137,0.5681993300150778,-3.6250335078240985,1.990030274708289
trade+liq,trade|liq,5,direct_debt_ratio_over_initial_investment,debt_dyn_ratio_h5,gi_dyn0,2004,2020,456,27,2004,2020,10,10,OK,POL,2025,"{""liq"": 0.5755551475575922, ""trade"": -0.16113002632933232}",0.03182320334908426,0.046728335941170755,0.4958551521957122,0.04203936844824366,0.001301945650475657,0.0,32.2896492898032,0.7569857617690684,1.094303886658708,0.4890937396510606,-1.3878104442241996,2.9017819677623367
trade+liq,trade|liq,6,direct_debt_ratio_over_initial_investment,debt_dyn_ratio_h6,gi_dyn0,2004,2019,431,27,2004,2019,10,10,OK,POL,2025,"{""liq"": 0.5755551475575922, ""trade"": -0.16113002632933232}",0.023760002299281227,0.044989429829083126,0.5974132022692975,0.042178292658821025,0.0012781335918083145,0.0,32.99990934370703,0.5633229986684191,1.0605906273304493,0.5953211839508659,-1.5153964332400034,2.6420424305768413
trade+liq,trade|liq,7,direct_debt_ratio_over_initial_investment,debt_dyn_ratio_h7,gi_dyn0,2004,2018,405,27,2004,2018,10,10,OK,POL,2025,"{""liq"": 0.5755551475575922, ""trade"": -0.16113002632933232}",-0.032405725278586435,0.05340182975402402,0.5439650674554903,0.04261735659243702,0.001050148659934693,0.0,40.58221299362256,-0.7603879702932405,1.26612317020697,0.5481304350713758,-3.241943783890578,1.7211678433040967
trade+liq,trade|liq,8,direct_debt_ratio_over_initial_investment,debt_dyn_ratio_h8,gi_dyn0,2004,2017,378,27,2004,2017,10,10,OK,POL,2025,"{""liq"": 0.5755551475575922, ""trade"": -0.16113002632933232}",-0.07330664320566227,0.0545714133098915,0.1791697293533412,0.042917963800586045,0.0009105812562222403,0.0,47.13249202892806,-1.7080643328344778,1.2925131707116786,0.1863325942914007,-4.241343596973038,0.825214931304082
trade+liq+log_gdp_pc,trade|liq|log_gdp_pc,0,direct_debt_ratio_over_initial_investment,debt_dyn_ratio_h0,gi_dyn0,2004,2025,531,27,2004,2023,12,12,OK,POL,2025,"{""liq"": 0.5755551475575922, ""log_gdp_pc"": 0.07401637081113775, ""trade"": -0.16113002632933232}",-0.0786719776455482,0.03441146933658164,0.02224175115762428,0.0409976390224783,0.001400491214990861,0.0,29.273756653122476,-1.918939224827403,0.8561207749359602,0.024997899743515628,-3.5969051101184055,-0.24097333953640043
trade+liq+log_gdp_pc,trade|liq|log_gdp_pc,1,direct_debt_ratio_over_initial_investment,debt_dyn_ratio_h1,gi_dyn0,2004,2024,531,27,2004,2023,12,12,OK,POL,2025,"{""liq"": 0.5755551475575922, ""log_gdp_pc"": 0.07401637081113775, ""trade"": -0.16113002632933232}",-0.13286717979384183,0.05400433655458843,0.01388186963315774,0.0409976390224783,0.001400491214990861,0.0,29.273756653122476,-3.2408495455309767,1.3521967713058025,0.016542142154919892,-5.891106517301693,-0.5905925737602606
trade+liq+log_gdp_pc,trade|liq|log_gdp_pc,2,direct_debt_ratio_over_initial_investment,debt_dyn_ratio_h2,gi_dyn0,2004,2023,531,27,2004,2023,12,12,OK,POL,2025,"{""liq"": 0.5755551475575922, ""log_gdp_pc"": 0.07401637081113775, ""trade"": -0.16113002632933232}",-0.1170183679408871,0.06792884938097643,0.08494987795748554,0.0409976390224783,0.0015638032103358437,0.0,26.21662287908567,-2.8542708978126266,1.6881065873130794,0.09087271199439306,-6.162899011011081,0.4543572153858282
trade+liq+log_gdp_pc,trade|liq|log_gdp_pc,3,direct_debt_ratio_over_initial_investment,debt_dyn_ratio_h3,gi_dyn0,2004,2022,506,27,2004,2022,12,12,OK,POL,2025,"{""liq"": 0.5755551475575922, ""log_gdp_pc"": 0.07401637081113775, ""trade"": -0.16113002632933232}",-0.060704528306229376,0.0786906209245758,0.44045042260145784,0.041000289307565205,0.001751350901513995,0.0,23.410665031274757,-1.480587803926262,1.939907555604497,0.445328650038737,-5.282736746248207,2.3215611383956825
trade+liq+log_gdp_pc,trade|liq|log_gdp_pc,4,direct_debt_ratio_over_initial_investment,debt_dyn_ratio_h4,gi_dyn0,2004,2021,481,27,2004,2021,12,12,OK,POL,2025,"{""liq"": 0.5755551475575922, ""log_gdp_pc"": 0.07401637081113775, ""trade"": -0.16113002632933232}",-0.030787133570813818,0.06257277819010987,0.6227043549100593,0.04091542929466242,0.001880368572462957,0.0,21.75926033536622,-0.7524577916338793,1.5478025254556542,0.626863752973984,-3.786094996707101,2.281179413439342
trade+liq+log_gdp_pc,trade|liq|log_gdp_pc,5,direct_debt_ratio_over_initial_investment,debt_dyn_ratio_h5,gi_dyn0,2004,2020,456,27,2004,2020,12,12,OK,POL,2025,"{""liq"": 0.5755551475575922, ""log_gdp_pc"": 0.07401637081113775, ""trade"": -0.16113002632933232}",0.06725409677725258,0.05784754708963743,0.24498805195347062,0.040984187156996144,0.0019243026273398646,0.0,21.298202566844825,1.6409767142538552,1.3629748064355447,0.22860232638138056,-1.0304048181952632,4.312358246702973
trade+liq+log_gdp_pc,trade|liq|log_gdp_pc,6,direct_debt_ratio_over_initial_investment,debt_dyn_ratio_h6,gi_dyn0,2004,2019,431,27,2004,2019,12,12,OK,POL,2025,"{""liq"": 0.5755551475575922, ""log_gdp_pc"": 0.07401637081113775, ""trade"": -0.16113002632933232}",0.06813932341536479,0.042775463796665726,0.11117063009881845,0.041102889199300004,0.0019813046047104732,0.0,20.745366008628615,1.657774544387143,1.033636829392755,0.10875221499019894,-0.3681164143168283,3.683665503091114
trade+liq+log_gdp_pc,trade|liq|log_gdp_pc,7,direct_debt_ratio_over_initial_investment,debt_dyn_ratio_h7,gi_dyn0,2004,2018,405,27,2004,2018,12,12,OK,POL,2025,"{""liq"": 0.5755551475575922, ""log_gdp_pc"": 0.07401637081113775, ""trade"": -0.16113002632933232}",0.01676921361147629,0.03961775747884891,0.6720944974400351,0.04177409450717631,0.0018035211133476663,0.0,23.1625203597622,0.4014261424289049,0.9407386425605411,0.66958781225371,-1.4423877158548541,2.245240000712664
trade+liq+log_gdp_pc,trade|liq|log_gdp_pc,8,direct_debt_ratio_over_initial_investment,debt_dyn_ratio_h8,gi_dyn0,2004,2017,378,27,2004,2017,12,12,OK,POL,2025,"{""liq"": 0.5755551475575922, ""log_gdp_pc"": 0.07401637081113775, ""trade"": -0.16113002632933232}",0.02715103608725363,0.028496673936170308,0.340701992648917,0.04196849348158504,0.001821753802175211,0.0,23.037412317445863,0.6469385444861627,0.6796056193903728,0.34113131413777964,-0.6850639932100032,1.9789410821823288
trade+log_gdp_pc,trade|log_gdp_pc,0,direct_debt_ratio_over_initial_investment,debt_dyn_ratio_h0,gi_dyn0,2004,2025,531,27,2004,2023,10,10,OK,POL,2025,"{""log_gdp_pc"": 0.07401637081113775, ""trade"": -0.16113002632933232}",-0.07715975595802528,0.028994207655319737,0.007785973668946955,0.03960071765988037,0.001477623937337931,0.0,26.80026809204549,-1.9484433747067191,0.7554561199853681,0.00990404581580795,-3.42911016177841,-0.4677765876350284
trade+log_gdp_pc,trade|log_gdp_pc,1,direct_debt_ratio_over_initial_investment,debt_dyn_ratio_h1,gi_dyn0,2004,2024,531,27,2004,2023,10,10,OK,POL,2025,"{""log_gdp_pc"": 0.07401637081113775, ""trade"": -0.16113002632933232}",-0.126699669361906,0.04809535435199361,0.008430023203549686,0.03960071765988037,0.001477623937337931,0.0,26.80026809204549,-3.1994286176855296,1.2567654056151016,0.010903875623311077,-5.662643549707001,-0.7362136856640586
trade+log_gdp_pc,trade|log_gdp_pc,2,direct_debt_ratio_over_initial_investment,debt_dyn_ratio_h2,gi_dyn0,2004,2023,531,27,2004,2023,10,10,OK,POL,2025,"{""log_gdp_pc"": 0.07401637081113775, ""trade"": -0.16113002632933232}",-0.11433387647194648,0.06474959683465305,0.07743190102607334,0.03960071765988037,0.0016349018559362533,0.0,24.22207639932146,-2.8871667794995175,1.671724870704868,0.08415714358663817,-6.163687318140936,0.3893537591419012
trade+log_gdp_pc,trade|log_gdp_pc,3,direct_debt_ratio_over_initial_investment,debt_dyn_ratio_h3,gi_dyn0,2004,2022,506,27,2004,2022,10,10,OK,POL,2025,"{""log_gdp_pc"": 0.07401637081113775, ""trade"": -0.16113002632933232}",-0.062450130383396696,0.07466772598865551,0.4029446421962597,0.039601229649466045,0.0018306405616833293,0.0,21.63244411729385,-1.5769745267048476,1.9093352879073924,0.4088446237945411,-5.31920292541475,2.165253872005055
trade+log_gdp_pc,trade|log_gdp_pc,4,direct_debt_ratio_over_initial_investment,debt_dyn_ratio_h4,gi_dyn0,2004,2021,481,27,2004,2021,10,10,OK,POL,2025,"{""log_gdp_pc"": 0.07401637081113775, ""trade"": -0.16113002632933232}",-0.029491689760959196,0.0633306961392116,0.6414462524664333,0.03953312251771931,0.0019748766448749633,0.0,20.018021186443416,-0.745999503270722,1.6224429862201006,0.6456596866748183,-3.9259293232317334,2.4339303166902897
trade+log_gdp_pc,trade|log_gdp_pc,5,direct_debt_ratio_over_initial_investment,debt_dyn_ratio_h5,gi_dyn0,2004,2020,456,27,2004,2020,10,10,OK,POL,2025,"{""log_gdp_pc"": 0.07401637081113775, ""trade"": -0.16113002632933232}",0.06980839597627993,0.06003058720231766,0.24487801231933326,0.03973933724065856,0.002081570692502595,0.0,19.091034180963337,1.756657277737807,1.444765374145921,0.22403170466575761,-1.0750308216987334,4.588345377174347
trade+log_gdp_pc,trade|log_gdp_pc,6,direct_debt_ratio_over_initial_investment,debt_dyn_ratio_h6,gi_dyn0,2004,2019,431,27,2004,2019,10,10,OK,POL,2025,"{""log_gdp_pc"": 0.07401637081113775, ""trade"": -0.16113002632933232}",0.06745252317404483,0.04872760038965696,0.16627348616345183,0.039838341011645836,0.0021476019445570847,0.0,18.550151303696076,1.6931559262050249,1.1919041709860316,0.15544848796661448,-0.642933321950667,4.0292451743607165
trade+log_gdp_pc,trade|log_gdp_pc,7,direct_debt_ratio_over_initial_investment,debt_dyn_ratio_h7,gi_dyn0,2004,2018,405,27,2004,2018,10,10,OK,POL,2025,"{""log_gdp_pc"": 0.07401637081113775, ""trade"": -0.16113002632933232}",0.009727531264546722,0.051646296184859906,0.8506030302948424,0.040309343311090554,0.0020795998688026385,0.0,19.383220741545475,0.24132199796642007,1.272959154067981,0.8496417072623872,-2.2536320977973956,2.736276093730236
trade+log_gdp_pc,trade|log_gdp_pc,8,direct_debt_ratio_over_initial_investment,debt_dyn_ratio_h8,gi_dyn0,2004,2017,378,27,2004,2017,10,10,OK,POL,2025,"{""log_gdp_pc"": 0.07401637081113775, ""trade"": -0.16113002632933232}",0.028921503661525634,0.03123852432198259,0.3545353207915025,0.04067807025406193,0.0020664050661041303,0.0,19.68542901937121,0.7109851445973562,0.7577935422233724,0.34812587885951607,-0.7742629058774858,2.1962331950721983
