feature_set,scenario,scenario_sign,year,horizon_from_2028,Y_shortfall_pct,direct_discretionary_PB_level_pp,delta_cyclical_PB_pp,baseline_PB_pp,PB_new_pp,nominal_gdp_growth_new_pct,baseline_D_Y_pp,D_Y_new_pp,dsa_margin_vs_baseline_pp,direct_DY_LP_margin_initial_action_pp
debt,three_1pp_cut_2028_2030,cut,2024,-4,0.0,0.0,0.0,-4.269382953643799,-4.269382953643799,,55.08902359008789,55.08902359008789,0.0,0.0
debt,three_1pp_cut_2028_2030,cut,2025,-3,0.0,0.0,0.0,-4.325899124145508,-4.325899124145508,6.943162276891779,59.51612854003906,59.51612854003906,0.0,0.0
debt,three_1pp_cut_2028_2030,cut,2026,-2,0.0,0.0,0.0,-3.591127634048462,-3.591127634048462,6.625874450677793,64.90138244628906,64.90138244628906,0.0,0.0
debt,three_1pp_cut_2028_2030,cut,2027,-1,0.0,0.0,0.0,-3.824702739715576,-3.824702739715576,6.173631620015585,69.67215728759766,69.67215728759766,0.0,0.0
debt,three_1pp_cut_2028_2030,cut,2028,0,1.1338257952708586,1.0,-0.5442363817300121,-3.879892110824585,-3.424128492554597,4.227192520800016,73.19452667236328,73.53368339058801,0.3391567182247286,1.2783804036456303
debt,three_1pp_cut_2028_2030,cut,2029,1,3.110017884756916,2.0050366966301167,-1.4928085846833197,-3.947735786437988,-3.4355076744911908,3.1284968333640917,77.04766845703125,78.37203183916832,1.324363382137065,3.2756795096402165
debt,three_1pp_cut_2028_2030,cut,2030,2,5.1354571105075975,2.832475354177065,-2.4650194130436467,-3.9902679920196538,-3.6228120508862354,2.975450032391591,81.12287902832031,83.75639522358591,2.6335161952655994,4.8769581319125415
debt,three_1pp_cut_2028_2030,cut,2031,3,5.688814970829375,2.5271555457240664,-2.7306311859981,-3.907489061355591,-4.110964701629625,4.705967108758347,85.14363861083984,88.47641943098616,3.3327808201463114,4.654942803779614
debt,three_1pp_cut_2028_2030,cut,2032,4,5.159652583031617,2.1768090342320066,-2.4766332398551762,-4.024710655212402,-4.324534860835572,6.011928410849454,89.33782958984375,92.48243781646511,3.144608226621358,3.1218006525104602
debt,three_1pp_cut_2028_2030,cut,2033,5,4.59707787983981,2.0102580935002745,-2.206597382323109,-3.841931581497192,-4.0382708703200265,6.125137703985262,93.42025756835938,96.22284882070298,2.8025912523436034,1.564766975770894
debt,three_1pp_cut_2028_2030,cut,2034,6,4.390826753442765,1.970369375327082,-2.107596841652527,-3.859153032302856,-3.9963804986283007,5.772274905178998,97.61768341064452,100.35932043256757,2.7416370219230544,0.9560642377799633
debt,three_1pp_cut_2028_2030,cut,2035,7,4.527980646140104,2.004962862338648,-2.17343071014725,-3.876374483108521,-4.044842330917123,5.370254206208402,101.9944839477539,105.06355387047499,3.0690699227210843,1.3945914549123453
debt,three_1pp_cut_2028_2030,cut,2036,8,4.846459640431504,2.096736784698299,-2.3263006274071216,-3.893596172332764,-4.123160015041586,4.863797736027364,106.79410552978516,110.47477202966309,3.6806664998779297,2.681393498857442
debt,three_1pp_expansion_2028_2030,expansion,2024,-4,0.0,0.0,0.0,-4.269382953643799,-4.269382953643799,,55.08902359008789,55.08902359008789,0.0,0.0
debt,three_1pp_expansion_2028_2030,expansion,2025,-3,0.0,0.0,0.0,-4.325899124145508,-4.325899124145508,6.943162276891779,59.51612854003906,59.51612854003906,0.0,0.0
debt,three_1pp_expansion_2028_2030,expansion,2026,-2,0.0,0.0,0.0,-3.591127634048462,-3.591127634048462,6.625874450677793,64.90138244628906,64.90138244628906,0.0,0.0
debt,three_1pp_expansion_2028_2030,expansion,2027,-1,0.0,0.0,0.0,-3.824702739715576,-3.824702739715576,6.173631620015585,69.67215728759766,69.67215728759766,0.0,0.0
debt,three_1pp_expansion_2028_2030,expansion,2028,0,-1.1338257952708586,-1.0,0.5442363817300121,-3.879892110824585,-4.335655729094573,6.617807519293462,73.19452667236328,72.87319411903567,-0.3213325533276077,-1.2783804036456303
debt,three_1pp_expansion_2028_2030,expansion,2029,1,-3.110017884756916,-2.0050366966301167,1.4928085846833197,-3.947735786437988,-4.4599638983847845,7.288201789361759,77.04766845703125,75.8441070825282,-1.2035613745030531,-3.2756795096402165
debt,three_1pp_expansion_2028_2030,expansion,2030,2,-5.1354571105075975,-2.832475354177065,2.4650194130436467,-3.9902679920196538,-4.357723933153071,7.240048339991323,81.12287902832031,78.82269012738729,-2.3001889009330228,-4.8769581319125415
debt,three_1pp_expansion_2028_2030,expansion,2031,3,-5.688814970829375,-2.5271555457240664,2.7306311859981,-3.907489061355591,-3.7040134210815574,5.874645737756334,85.14363861083984,82.2234887952497,-2.9201498155901504,-4.654942803779614
debt,three_1pp_expansion_2028_2030,expansion,2032,4,-5.159652583031617,-2.1768090342320066,2.4766332398551762,-4.024710655212402,-3.724886449589232,4.892615448611037,89.33782958984375,86.52662060407621,-2.8112089857675358,-3.1218006525104602
debt,three_1pp_expansion_2028_2030,expansion,2033,5,-4.59707787983981,-2.0102580935002745,2.206597382323109,-3.841931581497192,-3.645592292674358,4.934944016629683,93.42025756835938,90.87177692014123,-2.5484806482181455,-1.564766975770894
debt,three_1pp_expansion_2028_2030,expansion,2034,6,-4.390826753442765,-1.970369375327082,2.107596841652527,-3.859153032302856,-3.721925565977411,5.335981091403741,97.61768341064452,95.10293509151549,-2.5147483191290263,-0.9560642377799633
debt,three_1pp_expansion_2028_2030,expansion,2035,7,-4.527980646140104,-2.004962862338648,2.17343071014725,-3.876374483108521,-3.707906635299919,5.660267373290684,101.9944839477539,99.17294599307446,-2.8215379546794424,-1.3945914549123453
debt,three_1pp_expansion_2028_2030,expansion,2036,8,-4.846459640431504,-2.096736784698299,2.3263006274071216,-3.893596172332764,-3.664032329623941,5.535348517407845,106.79410552978516,103.41401701783668,-3.380088511948472,-2.681393498857442
debt+liq,three_1pp_cut_2028_2030,cut,2024,-4,0.0,0.0,0.0,-4.269382953643799,-4.269382953643799,,55.08902359008789,55.08902359008789,0.0,0.0
debt+liq,three_1pp_cut_2028_2030,cut,2025,-3,0.0,0.0,0.0,-4.325899124145508,-4.325899124145508,6.943162276891779,59.51612854003906,59.51612854003906,0.0,0.0
debt+liq,three_1pp_cut_2028_2030,cut,2026,-2,0.0,0.0,0.0,-3.591127634048462,-3.591127634048462,6.625874450677793,64.90138244628906,64.90138244628906,0.0,0.0
debt+liq,three_1pp_cut_2028_2030,cut,2027,-1,0.0,0.0,0.0,-3.824702739715576,-3.824702739715576,6.173631620015585,69.67215728759766,69.67215728759766,0.0,0.0
debt+liq,three_1pp_cut_2028_2030,cut,2028,0,1.153338614828712,1.0,-0.5536025351177817,-3.879892110824585,-3.4334946459423668,4.206621618597728,73.19452667236328,73.55688951666515,0.36236284430187027,1.324135005129135
debt+liq,three_1pp_cut_2028_2030,cut,2029,1,3.2989682926320443,2.027728027515783,-1.5835047804633813,-3.947735786437988,-3.5035125393855857,2.947698733315063,77.04766845703125,78.59533158555598,1.5476631285247322,3.418167785445924
debt+liq,three_1pp_cut_2028_2030,cut,2030,2,5.4824182524875305,2.8610491607497996,-2.6315607611940144,-3.9902679920196538,-3.7607795924638685,2.799298239682413,81.12287902832031,84.26038575230646,3.1375067239861494,5.065667878617836
debt+liq,three_1pp_cut_2028_2030,cut,2031,3,6.039922254506816,2.557458784089156,-2.8991626821632717,-3.907489061355591,-4.249192959429706,4.699091903587238,85.14363861083984,89.12787644003771,3.984237829197866,4.83419851067309
debt+liq,three_1pp_cut_2028_2030,cut,2032,4,5.301748416557249,2.1946455053117075,-2.5448392399474793,-4.024710655212402,-4.374904389848174,6.248643367884399,89.33782958984375,92.98406293840212,3.6462333485583684,3.1458639851755392
debt+liq,three_1pp_cut_2028_2030,cut,2033,5,4.550862959107251,2.0286048665492564,-2.1844142203714805,-3.841931581497192,-3.997740935319416,6.335865811566599,93.42025756835938,96.49865334332891,3.078395774969536,1.3996755878208769
debt+liq,three_1pp_cut_2028_2030,cut,2034,6,4.26391504036542,1.9900567719066262,-2.0466792193754015,-3.859153032302856,-3.9157754797716313,5.861395932886859,97.61768341064452,100.47356434469714,2.855880934052621,0.5209107556277682
debt+liq,three_1pp_cut_2028_2030,cut,2035,7,4.405912308852683,2.0147392845119403,-2.114837908249288,-3.876374483108521,-3.9764731068458685,5.365116437954809,101.9944839477539,105.11511061366025,3.120626665906343,0.7891582969562159
debt+liq,three_1pp_cut_2028_2030,cut,2036,8,4.781999827917998,2.090896707117337,-2.295359917400639,-3.893596172332764,-4.098059382616066,4.800839609856444,106.79410552978516,110.56578130593986,3.7716757761547086,2.093231409051185
debt+liq,three_1pp_expansion_2028_2030,expansion,2024,-4,0.0,0.0,0.0,-4.269382953643799,-4.269382953643799,,55.08902359008789,55.08902359008789,0.0,0.0
debt+liq,three_1pp_expansion_2028_2030,expansion,2025,-3,0.0,0.0,0.0,-4.325899124145508,-4.325899124145508,6.943162276891779,59.51612854003906,59.51612854003906,0.0,0.0
debt+liq,three_1pp_expansion_2028_2030,expansion,2026,-2,0.0,0.0,0.0,-3.591127634048462,-3.591127634048462,6.625874450677793,64.90138244628906,64.90138244628906,0.0,0.0
debt+liq,three_1pp_expansion_2028_2030,expansion,2027,-1,0.0,0.0,0.0,-3.824702739715576,-3.824702739715576,6.173631620015585,69.67215728759766,69.67215728759766,0.0,0.0
debt+liq,three_1pp_expansion_2028_2030,expansion,2028,0,-1.153338614828712,-1.0,0.5536025351177817,-3.879892110824585,-4.326289575706803,6.63837842149575,73.19452667236328,72.85060684375657,-0.3439198286067153,-1.324135005129135
debt+liq,three_1pp_expansion_2028_2030,expansion,2029,1,-3.2989682926320443,-2.027728027515783,1.5835047804633813,-3.947735786437988,-4.39195903349039,7.464074590457859,77.04766845703125,75.63718732861813,-1.4104811284131245,-3.418167785445924
debt+liq,three_1pp_expansion_2028_2030,expansion,2030,2,-5.4824182524875305,-2.8610491607497996,2.6315607611940144,-3.9902679920196538,-4.219756391575439,7.397148287557687,81.12287902832031,78.37293567917514,-2.7499433491451697,-5.065667878617836
debt+liq,three_1pp_expansion_2028_2030,expansion,2031,3,-6.039922254506816,-2.557458784089156,2.8991626821632717,-3.907489061355591,-3.565785163281475,5.876962158816057,85.14363861083984,81.63552812223043,-3.508110488609418,-4.83419851067309
debt+liq,three_1pp_expansion_2028_2030,expansion,2032,4,-5.301748416557249,-2.1946455053117075,2.5448392399474793,-4.024710655212402,-3.6745169205766306,4.68657270199031,89.33782958984375,86.0459594447178,-3.291870145125955,-3.1458639851755392
debt+liq,three_1pp_expansion_2028_2030,expansion,2033,5,-4.550862959107251,-2.0286048665492564,2.1844142203714805,-3.841931581497192,-3.686122227674968,4.747041516615091,93.42025756835938,90.58336272946947,-2.8368948388899042,-1.3996755878208769
debt+liq,three_1pp_expansion_2028_2030,expansion,2034,6,-4.26391504036542,-1.9900567719066262,2.0466792193754015,-3.859153032302856,-3.8025305848340807,5.254425681629038,97.61768341064452,94.96409068263415,-2.6535927280103664,-0.5209107556277682
debt+liq,three_1pp_expansion_2028_2030,expansion,2035,7,-4.405912308852683,-2.0147392845119403,2.114837908249288,-3.876374483108521,-3.7762758593711734,5.665337928004366,101.9944839477539,99.09736777274973,-2.8971161750041716,-0.7891582969562159
debt+liq,three_1pp_expansion_2028_2030,expansion,2036,8,-4.781999827917998,-2.090896707117337,2.295359917400639,-3.893596172332764,-3.6891329620494626,5.593778155983231,106.79410552978516,103.30794572841324,-3.4861598013719117,-2.093231409051185
debt+liq+log_gdp_pc,three_1pp_cut_2028_2030,cut,2024,-4,0.0,0.0,0.0,-4.269382953643799,-4.269382953643799,,55.08902359008789,55.08902359008789,0.0,0.0
debt+liq+log_gdp_pc,three_1pp_cut_2028_2030,cut,2025,-3,0.0,0.0,0.0,-4.325899124145508,-4.325899124145508,6.943162276891779,59.51612854003906,59.51612854003906,0.0,0.0
debt+liq+log_gdp_pc,three_1pp_cut_2028_2030,cut,2026,-2,0.0,0.0,0.0,-3.591127634048462,-3.591127634048462,6.625874450677793,64.90138244628906,64.90138244628906,0.0,0.0
debt+liq+log_gdp_pc,three_1pp_cut_2028_2030,cut,2027,-1,0.0,0.0,0.0,-3.824702739715576,-3.824702739715576,6.173631620015585,69.67215728759766,69.67215728759766,0.0,0.0
debt+liq+log_gdp_pc,three_1pp_cut_2028_2030,cut,2028,0,1.0812697018853745,1.0,-0.5190094569049798,-3.879892110824585,-3.3989015677295646,4.282598468359855,73.19452667236328,73.47120685385094,0.27668018148766294,1.7267954784154713
debt+liq+log_gdp_pc,three_1pp_cut_2028_2030,cut,2029,1,3.0014673746076346,1.9302818478872985,-1.4407043398116646,-3.947735786437988,-3.4581582783623537,3.1891824981420402,77.04766845703125,78.28698120476679,1.2393127477355392,4.606752673187746
debt+liq+log_gdp_pc,three_1pp_cut_2028_2030,cut,2030,2,4.761527516780799,2.6711893043057273,-2.285533208054783,-3.9902679920196538,-3.6046118957687097,3.265657076281614,81.12287902832031,83.426278085591,2.3033990572706813,6.903960818118449
debt+liq+log_gdp_pc,three_1pp_cut_2028_2030,cut,2031,3,4.783189381428495,2.3170393063119654,-2.2959309030856776,-3.907489061355591,-3.886380658129303,5.296359951753349,85.14363861083984,87.44814809699281,2.3045094861529662,6.339158557959773
debt+liq+log_gdp_pc,three_1pp_cut_2028_2030,cut,2032,4,3.837123911066805,1.9832191784113435,-1.8418194773120664,-4.024710655212402,-3.883310954113125,6.467881842667111,89.33782958984375,90.64349199881964,1.3056624089758913,4.166341663990536
debt+liq+log_gdp_pc,three_1pp_cut_2028_2030,cut,2033,5,3.0285235483472484,1.8349106898670922,-1.4536913032066792,-3.841931581497192,-3.4607121948367787,6.386443354729554,93.42025756835938,93.59034618588377,0.1700886175243994,1.4741204609410516
debt+liq+log_gdp_pc,three_1pp_cut_2028_2030,cut,2034,6,2.4925873309925217,1.7962612350606144,-1.1964419188764104,-3.859153032302856,-3.259333716118652,6.12741449882237,97.61768341064452,96.67229621782523,-0.9453871928192825,0.19645635324884192
debt+liq+log_gdp_pc,three_1pp_cut_2028_2030,cut,2035,7,2.085776733369793,1.8276097060403216,-1.0011728320175006,-3.876374483108521,-3.0499376090857,5.961874475616802,101.9944839477539,99.81410025064316,-2.1803836971107415,-0.2575596254768238
debt+liq+log_gdp_pc,three_1pp_cut_2028_2030,cut,2036,8,1.9217201888212945,1.991654633673162,-0.9224256906342213,-3.893596172332764,-2.8243672292938236,5.391065687908303,106.79410552978516,103.35667965728112,-3.4374258725040363,0.5844040405718636
debt+liq+log_gdp_pc,three_1pp_expansion_2028_2030,expansion,2024,-4,0.0,0.0,0.0,-4.269382953643799,-4.269382953643799,,55.08902359008789,55.08902359008789,0.0,0.0
debt+liq+log_gdp_pc,three_1pp_expansion_2028_2030,expansion,2025,-3,0.0,0.0,0.0,-4.325899124145508,-4.325899124145508,6.943162276891779,59.51612854003906,59.51612854003906,0.0,0.0
debt+liq+log_gdp_pc,three_1pp_expansion_2028_2030,expansion,2026,-2,0.0,0.0,0.0,-3.591127634048462,-3.591127634048462,6.625874450677793,64.90138244628906,64.90138244628906,0.0,0.0
debt+liq+log_gdp_pc,three_1pp_expansion_2028_2030,expansion,2027,-1,0.0,0.0,0.0,-3.824702739715576,-3.824702739715576,6.173631620015585,69.67215728759766,69.67215728759766,0.0,0.0
debt+liq+log_gdp_pc,three_1pp_expansion_2028_2030,expansion,2028,0,-1.0812697018853745,-1.0,0.5190094569049798,-3.879892110824585,-4.360882653919605,6.562401571733623,73.19452667236328,72.934056382422,-0.2604702899412814,-1.7267954784154713
debt+liq+log_gdp_pc,three_1pp_expansion_2028_2030,expansion,2029,1,-3.0014673746076346,-1.9302818478872985,1.4407043398116646,-3.947735786437988,-4.437313294513622,7.230977230528368,77.04766845703125,75.91920157763693,-1.128466879394324,-4.606752673187746
debt+liq+log_gdp_pc,three_1pp_expansion_2028_2030,expansion,2030,2,-4.761527516780799,-2.6711893043057273,2.285533208054783,-3.9902679920196538,-4.375924088270597,6.971248935490437,81.12287902832031,79.10192152941752,-2.0209574989027885,-6.903960818118449
debt+liq+log_gdp_pc,three_1pp_expansion_2028_2030,expansion,2031,3,-4.783189381428495,-2.3170393063119654,2.2959309030856776,-3.907489061355591,-3.9285974645818786,5.342092324978021,85.14363861083984,83.12458888228286,-2.019049728556979,-6.339158557959773
debt+liq+log_gdp_pc,three_1pp_expansion_2028_2030,expansion,2032,4,-3.837123911066805,-1.9832191784113435,1.8418194773120664,-4.024710655212402,-4.1661103563116795,4.468615088518035,89.33782958984375,88.21502695829523,-1.1228026315485238,-4.166341663990536
debt+liq+log_gdp_pc,three_1pp_expansion_2028_2030,expansion,2033,5,-3.0285235483472484,-1.8349106898670922,1.4536913032066792,-3.841931581497192,-4.223150968157605,4.677791591901026,93.42025756835938,93.36985457861357,-0.05040298974580537,-1.4741204609410516
debt+liq+log_gdp_pc,three_1pp_expansion_2028_2030,expansion,2034,6,-2.4925873309925217,-1.7962612350606144,1.1964419188764104,-3.859153032302856,-4.45897234848706,4.995077814487825,97.61768341064452,98.65691518101191,1.039231770367394,-0.19645635324884192
debt+liq+log_gdp_pc,three_1pp_expansion_2028_2030,expansion,2035,7,-2.085776733369793,-1.8276097060403216,1.0011728320175006,-3.876374483108521,-4.702811357131342,5.102794400720967,101.9944839477539,104.26063853272409,2.266154584970181,0.2575596254768238
debt+liq+log_gdp_pc,three_1pp_expansion_2028_2030,expansion,2036,8,-1.9217201888212945,-1.991654633673162,0.9224256906342213,-3.893596172332764,-4.962825115371705,5.045691979392242,106.79410552978516,110.318930023241,3.5248244934558386,-0.5844040405718636
debt+log_gdp_pc,three_1pp_cut_2028_2030,cut,2024,-4,0.0,0.0,0.0,-4.269382953643799,-4.269382953643799,,55.08902359008789,55.08902359008789,0.0,0.0
debt+log_gdp_pc,three_1pp_cut_2028_2030,cut,2025,-3,0.0,0.0,0.0,-4.325899124145508,-4.325899124145508,6.943162276891779,59.51612854003906,59.51612854003906,0.0,0.0
debt+log_gdp_pc,three_1pp_cut_2028_2030,cut,2026,-2,0.0,0.0,0.0,-3.591127634048462,-3.591127634048462,6.625874450677793,64.90138244628906,64.90138244628906,0.0,0.0
debt+log_gdp_pc,three_1pp_cut_2028_2030,cut,2027,-1,0.0,0.0,0.0,-3.824702739715576,-3.824702739715576,6.173631620015585,69.67215728759766,69.67215728759766,0.0,0.0
debt+log_gdp_pc,three_1pp_cut_2028_2030,cut,2028,0,1.065135280462242,1.0,-0.5112649346218762,-3.879892110824585,-3.391157045446461,4.299607778787906,73.19452667236328,73.45203485242,0.2575081800567176,1.583170308210779
debt+log_gdp_pc,three_1pp_cut_2028_2030,cut,2029,1,2.7396050226063724,1.9088239928493254,-1.3150104108510587,-3.947735786437988,-3.353922204439721,3.450883803645688,77.04766845703125,77.9739726270115,0.9263041699802557,4.165840452323318
debt+log_gdp_pc,three_1pp_cut_2028_2030,cut,2030,2,4.319154815336409,2.6590053365039266,-2.073194311361476,-3.9902679920196538,-3.4044569668772033,3.465992958185571,81.12287902832031,82.75304192613815,1.63016289781784,6.276733712077071
debt+log_gdp_pc,three_1pp_cut_2028_2030,cut,2031,3,4.455197919488747,2.3144993735429713,-2.138495001354599,-3.907489061355591,-3.7314846891672184,5.170566005024146,85.14363861083984,86.71806380947613,1.5744251986362912,5.7709346351931865
debt+log_gdp_pc,three_1pp_cut_2028_2030,cut,2032,4,3.9295714291743566,1.9974683883829152,-1.886194286003691,-4.024710655212402,-3.9134365528331783,6.000390019630264,89.33782958984375,90.32871947686577,0.9908898870220213,3.9561711073333328
debt+log_gdp_pc,three_1pp_cut_2028_2030,cut,2033,5,3.437102291782184,1.8389939523906196,-1.6498091000554482,-3.841931581497192,-3.6527467291620206,6.040138836739395,93.42025756835938,93.7627146878741,0.34245711951471947,1.7451432471103965
debt+log_gdp_pc,three_1pp_cut_2028_2030,cut,2034,6,3.0442821945755916,1.792291591198738,-1.4612554533962838,-3.859153032302856,-3.5281168945004016,5.973455449000342,97.61768341064452,97.24908221755373,-0.36860119309078243,1.007447304577809
debt+log_gdp_pc,three_1pp_cut_2028_2030,cut,2035,7,2.701873222534048,1.8349623765360534,-1.296899146816343,-3.876374483108521,-3.3383112533888104,5.894288131364189,101.9944839477539,100.74193558738959,-1.2525483603643153,0.9609318217680082
debt+log_gdp_pc,three_1pp_cut_2028_2030,cut,2036,8,2.549086549737164,2.012705164605369,-1.2235615438738388,-3.893596172332764,-3.1044525516012342,5.379995113178748,106.79410552978516,104.58193603483687,-2.2121694949482844,1.8881061030760904
debt+log_gdp_pc,three_1pp_expansion_2028_2030,expansion,2024,-4,0.0,0.0,0.0,-4.269382953643799,-4.269382953643799,,55.08902359008789,55.08902359008789,0.0,0.0
debt+log_gdp_pc,three_1pp_expansion_2028_2030,expansion,2025,-3,0.0,0.0,0.0,-4.325899124145508,-4.325899124145508,6.943162276891779,59.51612854003906,59.51612854003906,0.0,0.0
debt+log_gdp_pc,three_1pp_expansion_2028_2030,expansion,2026,-2,0.0,0.0,0.0,-3.591127634048462,-3.591127634048462,6.625874450677793,64.90138244628906,64.90138244628906,0.0,0.0
debt+log_gdp_pc,three_1pp_expansion_2028_2030,expansion,2027,-1,0.0,0.0,0.0,-3.824702739715576,-3.824702739715576,6.173631620015585,69.67215728759766,69.67215728759766,0.0,0.0
debt+log_gdp_pc,three_1pp_expansion_2028_2030,expansion,2028,0,-1.065135280462242,-1.0,0.5112649346218762,-3.879892110824585,-4.3686271762027085,6.5453922613055715,73.19452667236328,72.95274818618044,-0.24177848618283804,-1.583170308210779
debt+log_gdp_pc,three_1pp_expansion_2028_2030,expansion,2029,1,-2.7396050226063724,-1.9088239928493254,1.3150104108510587,-3.947735786437988,-4.541549368436254,6.975437363434334,77.04766845703125,76.21255494141357,-0.8351135156176781,-4.165840452323318
debt+log_gdp_pc,three_1pp_expansion_2028_2030,expansion,2030,2,-4.319154815336409,-2.6590053365039266,2.073194311361476,-3.9902679920196538,-4.576079017162105,6.791041974423728,81.12287902832031,79.7174045780707,-1.4054744502496135,-6.276733712077071
debt+log_gdp_pc,three_1pp_expansion_2028_2030,expansion,2031,3,-4.455197919488747,-2.3144993735429713,2.138495001354599,-3.907489061355591,-4.083493433543963,5.457663639920063,85.14363861083984,83.80823345218296,-1.335405158656883,-5.7709346351931865
debt+log_gdp_pc,three_1pp_expansion_2028_2030,expansion,2032,4,-3.9295714291743566,-1.9974683883829152,1.886194286003691,-4.024710655212402,-4.1359847575916255,4.889950475912896,89.33782958984375,88.53575277055916,-0.8020768192845935,-3.9561711073333328
debt+log_gdp_pc,three_1pp_expansion_2028_2030,expansion,2033,5,-3.437102291782184,-1.8389939523906196,1.6498091000554482,-3.841931581497192,-4.031116433832363,4.999428481329482,93.42025756835938,93.22786392360585,-0.1923936447535226,-1.7451432471103965
debt+log_gdp_pc,three_1pp_expansion_2028_2030,expansion,2034,6,-3.0442821945755916,-1.792291591198738,1.4612554533962838,-3.859153032302856,-4.1901891701053104,5.1432778349757236,97.61768341064452,98.11231144633386,0.4946280356893453,-1.007447304577809
debt+log_gdp_pc,three_1pp_expansion_2028_2030,expansion,2035,7,-2.701873222534048,-1.8349623765360534,1.296899146816343,-3.876374483108521,-4.4144377128282315,5.170986758762841,101.9944839477539,103.35849148959424,1.364007541840337,-0.9609318217680082
debt+log_gdp_pc,three_1pp_expansion_2028_2030,expansion,2036,8,-2.549086549737164,-2.012705164605369,1.2235615438738388,-3.893596172332764,-4.682739793064295,5.058251922773271,106.79410552978516,109.11473223466443,2.320626704879274,-1.8881061030760904
linear_benchmark,three_1pp_cut_2028_2030,cut,2024,-4,0.0,0.0,0.0,-4.269382953643799,-4.269382953643799,,55.08902359008789,55.08902359008789,0.0,0.0
linear_benchmark,three_1pp_cut_2028_2030,cut,2025,-3,0.0,0.0,0.0,-4.325899124145508,-4.325899124145508,6.943162276891779,59.51612854003906,59.51612854003906,0.0,0.0
linear_benchmark,three_1pp_cut_2028_2030,cut,2026,-2,0.0,0.0,0.0,-3.591127634048462,-3.591127634048462,6.625874450677793,64.90138244628906,64.90138244628906,0.0,0.0
linear_benchmark,three_1pp_cut_2028_2030,cut,2027,-1,0.0,0.0,0.0,-3.824702739715576,-3.824702739715576,6.173631620015585,69.67215728759766,69.67215728759766,0.0,0.0
linear_benchmark,three_1pp_cut_2028_2030,cut,2028,0,1.1623801975595205,1.0,-0.5579424948285698,-3.879892110824585,-3.437834605653155,4.197089756041539,73.19452667236328,73.56764430584427,0.37311763348098737,1.5284036762860465
linear_benchmark,three_1pp_cut_2028_2030,cut,2029,1,3.2626523108449073,2.0054697700296256,-1.5660731092055553,-3.947735786437988,-3.508339125613918,2.9957817511172102,77.04766845703125,78.57607605286525,1.5284075958339969,4.0458481535665465
linear_benchmark,three_1pp_cut_2028_2030,cut,2030,2,5.501017228404298,2.8462870897429013,-2.640488269634063,-3.9902679920196538,-3.7844691719108154,2.7404855115764626,81.12287902832031,84.31042313673251,3.1875441084121974,6.418841846032834
linear_benchmark,three_1pp_cut_2028_2030,cut,2031,3,6.323891186950924,2.565143120732759,-3.035467769736443,-3.907489061355591,-4.377813710359275,4.403211454051226,85.14363861083984,89.54759220442962,4.403953593589776,6.938452656337397
linear_benchmark,three_1pp_cut_2028_2030,cut,2032,4,6.0248419545413725,2.246207519575867,-2.8919241381798586,-4.024710655212402,-4.670427273816394,5.756975626474303,89.33782958984375,94.11074574967375,4.772916159830004,5.734028078385772
linear_benchmark,three_1pp_cut_2028_2030,cut,2033,5,5.618073177779992,2.094611807410792,-2.696675125334396,-3.841931581497192,-4.443994899420796,5.955986780910361,93.42025756835938,98.40139344746339,4.981135879104016,3.395818761590552
linear_benchmark,three_1pp_cut_2028_2030,cut,2034,6,5.496253546953984,2.0451358805137256,-2.6382017025379123,-3.859153032302856,-4.452218854327043,5.680326366162003,97.61768341064452,103.08261522091699,5.464931810272475,1.5732270376433302
linear_benchmark,three_1pp_cut_2028_2030,cut,2035,7,5.695031888160402,2.068066286011406,-2.733615306316993,-3.876374483108521,-4.541923503414107,5.299674522655318,101.9944839477539,108.37137031369544,6.37688636594153,1.5753302231752147
linear_benchmark,three_1pp_cut_2028_2030,cut,2036,8,6.088868499387285,2.1549014753322804,-2.9226568797058965,-3.893596172332764,-4.66135157670638,4.77537879290586,106.79410552978516,114.4539079706463,7.659802440861142,3.4822259956592587
linear_benchmark,three_1pp_expansion_2028_2030,expansion,2024,-4,0.0,0.0,0.0,-4.269382953643799,-4.269382953643799,,55.08902359008789,55.08902359008789,0.0,0.0
linear_benchmark,three_1pp_expansion_2028_2030,expansion,2025,-3,0.0,0.0,0.0,-4.325899124145508,-4.325899124145508,6.943162276891779,59.51612854003906,59.51612854003906,0.0,0.0
linear_benchmark,three_1pp_expansion_2028_2030,expansion,2026,-2,0.0,0.0,0.0,-3.591127634048462,-3.591127634048462,6.625874450677793,64.90138244628906,64.90138244628906,0.0,0.0
linear_benchmark,three_1pp_expansion_2028_2030,expansion,2027,-1,0.0,0.0,0.0,-3.824702739715576,-3.824702739715576,6.173631620015585,69.67215728759766,69.67215728759766,0.0,0.0
linear_benchmark,three_1pp_expansion_2028_2030,expansion,2028,0,-1.1623801975595205,-1.0,0.5579424948285698,-3.879892110824585,-4.321949615996015,6.647910284051939,73.19452667236328,72.84014239110245,-0.35438428126083465,-1.5284036762860465
linear_benchmark,three_1pp_expansion_2028_2030,expansion,2029,1,-3.2626523108449073,-2.0054697700296256,1.5660731092055553,-3.947735786437988,-4.387132447262059,7.416692883848364,77.04766845703125,75.6535487814525,-1.3941196755787502,-4.0458481535665465
linear_benchmark,three_1pp_expansion_2028_2030,expansion,2030,2,-5.501017228404298,-2.8462870897429013,2.640488269634063,-3.9902679920196538,-4.196066812128492,7.453861558376107,81.12287902832031,78.32614063085398,-2.796738397466328,-6.418841846032834
linear_benchmark,three_1pp_expansion_2028_2030,expansion,2031,3,-6.323891186950924,-2.565143120732759,3.035467769736443,-3.907489061355591,-3.4371644123519065,6.1417794568536355,85.14363861083984,81.2656303823021,-3.8780082285377375,-6.938452656337397
linear_benchmark,three_1pp_expansion_2028_2030,expansion,2032,4,-6.0248419545413725,-2.246207519575867,2.8919241381798586,-4.024710655212402,-3.3789940366084106,5.123925961586817,89.33782958984375,85.03606234521001,-4.301767244633737,-5.734028078385772
linear_benchmark,three_1pp_expansion_2028_2030,expansion,2033,5,-5.618073177779992,-2.094611807410792,2.696675125334396,-3.841931581497192,-3.2398682635735874,5.094583279898712,93.42025756835938,88.83322893934378,-4.587028629015592,-3.395818761590552
linear_benchmark,three_1pp_expansion_2028_2030,expansion,2034,6,-5.496253546953984,-2.0451358805137256,2.6382017025379123,-3.859153032302856,-3.2660872102786693,5.422365305192023,97.61768341064452,92.52392621209202,-5.093757198552495,-1.5732270376433302
linear_benchmark,three_1pp_expansion_2028_2030,expansion,2035,7,-5.695031888160402,-2.068066286011406,2.733615306316993,-3.876374483108521,-3.210825462802934,5.720453929499025,101.9944839477539,96.03416202857264,-5.960321919181268,-1.5753302231752147
linear_benchmark,three_1pp_expansion_2028_2030,expansion,2036,8,-6.088868499387285,-2.1549014753322804,2.9226568797058965,-3.893596172332764,-3.125840767959148,5.606824075937955,106.79410552978516,99.65340356159275,-7.140701968192403,-3.4822259956592587
liq,three_1pp_cut_2028_2030,cut,2024,-4,0.0,0.0,0.0,-4.269382953643799,-4.269382953643799,,55.08902359008789,55.08902359008789,0.0,0.0
liq,three_1pp_cut_2028_2030,cut,2025,-3,0.0,0.0,0.0,-4.325899124145508,-4.325899124145508,6.943162276891779,59.51612854003906,59.51612854003906,0.0,0.0
liq,three_1pp_cut_2028_2030,cut,2026,-2,0.0,0.0,0.0,-3.591127634048462,-3.591127634048462,6.625874450677793,64.90138244628906,64.90138244628906,0.0,0.0
liq,three_1pp_cut_2028_2030,cut,2027,-1,0.0,0.0,0.0,-3.824702739715576,-3.824702739715576,6.173631620015585,69.67215728759766,69.67215728759766,0.0,0.0
liq,three_1pp_cut_2028_2030,cut,2028,0,1.1796701513717092,1.0,-0.5662416726584204,-3.879892110824585,-3.4461337834830053,4.178862254480409,73.19452667236328,73.58821364278441,0.393686970421129,1.509386734197549
liq,three_1pp_cut_2028_2030,cut,2029,1,3.436183655185291,2.0312322340102167,-1.6493681544889396,-3.947735786437988,-3.5658717069167105,2.829011955800431,77.04766845703125,78.77637753283717,1.7287090758059236,4.022265566043063
liq,three_1pp_cut_2028_2030,cut,2030,2,5.804853619790036,2.876761994608067,-2.786329737499217,-3.9902679920196538,-3.8998357349108037,2.59418833670797,81.12287902832031,84.74618273907343,3.6233037107531203,6.313333539452581
liq,three_1pp_cut_2028_2030,cut,2031,3,6.595540629186176,2.594412612526404,-3.165859502009364,-3.907489061355591,-4.478935950838551,4.436241714455202,85.14363861083984,90.06183959683138,4.9182009859915325,6.803260633011996
liq,three_1pp_cut_2028_2030,cut,2032,4,6.056912242616467,2.256913956777343,-2.9073178764559042,-4.024710655212402,-4.675114574890964,6.0283541015633935,89.33782958984375,94.39882819570457,5.060998605860817,5.56375975298206
liq,three_1pp_cut_2028_2030,cut,2033,5,5.450623309707407,2.1068352387105693,-2.6162991886595552,-3.841931581497192,-4.351395531446178,6.180206459074178,93.42025756835938,98.39739086760981,4.97713329925044,3.355555276191837
liq,three_1pp_cut_2028_2030,cut,2034,6,5.253201153480857,2.068444453950116,-2.521536553670811,-3.859153032302856,-4.312245132023551,5.764479108348697,97.61768341064452,102.8601563699461,5.24247295930158,1.6039237912842061
liq,three_1pp_cut_2028_2030,cut,2035,7,5.469657949845611,2.0900307192357155,-2.625435815925893,-3.876374483108521,-4.411779579798699,5.280555004981924,101.9944839477539,108.03597112511862,6.041487177364715,1.5883275856203969
liq,three_1pp_cut_2028_2030,cut,2036,8,5.943030665460828,2.16176800822286,-2.8526547194211975,-3.893596172332764,-4.584482883531102,4.687900588478899,106.79410552978516,114.1287014169678,7.334595887182644,3.5130950649138333
liq,three_1pp_expansion_2028_2030,expansion,2024,-4,0.0,0.0,0.0,-4.269382953643799,-4.269382953643799,,55.08902359008789,55.08902359008789,0.0,0.0
liq,three_1pp_expansion_2028_2030,expansion,2025,-3,0.0,0.0,0.0,-4.325899124145508,-4.325899124145508,6.943162276891779,59.51612854003906,59.51612854003906,0.0,0.0
liq,three_1pp_expansion_2028_2030,expansion,2026,-2,0.0,0.0,0.0,-3.591127634048462,-3.591127634048462,6.625874450677793,64.90138244628906,64.90138244628906,0.0,0.0
liq,three_1pp_expansion_2028_2030,expansion,2027,-1,0.0,0.0,0.0,-3.824702739715576,-3.824702739715576,6.173631620015585,69.67215728759766,69.67215728759766,0.0,0.0
liq,three_1pp_expansion_2028_2030,expansion,2028,0,-1.1796701513717092,-1.0,0.5662416726584204,-3.879892110824585,-4.313650438166165,6.666137785613069,73.19452667236328,72.82013457272647,-0.37439209963680753,-1.509386734197549
liq,three_1pp_expansion_2028_2030,expansion,2029,1,-3.436183655185291,-2.0312322340102167,1.6493681544889396,-3.947735786437988,-4.329599865959265,7.578818425552147,77.04766845703125,75.469068842839,-1.5785996141922567,-4.022265566043063
liq,three_1pp_expansion_2028_2030,expansion,2030,2,-5.804853619790036,-2.876761994608067,2.786329737499217,-3.9902679920196538,-4.080700249128503,7.582531184165386,81.12287902832031,77.94156509323439,-3.1813139350859245,-6.313333539452581
liq,three_1pp_expansion_2028_2030,expansion,2031,3,-6.595540629186176,-2.594412612526404,3.165859502009364,-3.907489061355591,-3.3360421718726307,6.10738093620582,85.14363861083984,80.8074831621554,-4.336155448684437,-6.803260633011996
liq,three_1pp_expansion_2028_2030,expansion,2032,4,-6.056912242616467,-2.256913956777343,2.9073178764559042,-4.024710655212402,-3.3743067355338408,4.887743547073065,89.33782958984375,84.75385684838089,-4.583972741462858,-5.56375975298206
liq,three_1pp_expansion_2028_2030,expansion,2033,5,-5.450623309707407,-2.1068352387105693,2.6162991886595552,-3.841931581497192,-3.332467631548206,4.896234459445337,93.42025756835938,88.80308512641683,-4.617172441942543,-3.355555276191837
liq,three_1pp_expansion_2028_2030,expansion,2034,6,-5.253201153480857,-2.068444453950116,2.521536553670811,-3.859153032302856,-3.4060609325821614,5.346502454740554,97.61768341064452,92.69786719832938,-4.9198162123151405,-1.6039237912842061
liq,three_1pp_expansion_2028_2030,expansion,2035,7,-5.469657949845611,-2.0900307192357155,2.625435815925893,-3.876374483108521,-3.3409693864183434,5.738636602482172,101.9944839477539,96.32281803406225,-5.671665913691655,-1.5883275856203969
liq,three_1pp_expansion_2028_2030,expansion,2036,8,-5.943030665460828,-2.16176800822286,2.8526547194211975,-3.893596172332764,-3.202709461134427,5.6870057210549385,106.79410552978516,99.94695854314897,-6.84714698663619,-3.5130950649138333
liq+log_gdp_pc,three_1pp_cut_2028_2030,cut,2024,-4,0.0,0.0,0.0,-4.269382953643799,-4.269382953643799,,55.08902359008789,55.08902359008789,0.0,0.0
liq+log_gdp_pc,three_1pp_cut_2028_2030,cut,2025,-3,0.0,0.0,0.0,-4.325899124145508,-4.325899124145508,6.943162276891779,59.51612854003906,59.51612854003906,0.0,0.0
liq+log_gdp_pc,three_1pp_cut_2028_2030,cut,2026,-2,0.0,0.0,0.0,-3.591127634048462,-3.591127634048462,6.625874450677793,64.90138244628906,64.90138244628906,0.0,0.0
liq+log_gdp_pc,three_1pp_cut_2028_2030,cut,2027,-1,0.0,0.0,0.0,-3.824702739715576,-3.824702739715576,6.173631620015585,69.67215728759766,69.67215728759766,0.0,0.0
liq+log_gdp_pc,three_1pp_cut_2028_2030,cut,2028,0,1.0843703004896887,1.0,-0.5204977442350506,-3.879892110824585,-3.4003898550596356,4.279329739795612,73.19452667236328,73.4748916200654,0.2803649477021253,1.8219106948426478
liq+log_gdp_pc,three_1pp_cut_2028_2030,cut,2029,1,3.056786273150135,1.9282592401028014,-1.4672574111120649,-3.947735786437988,-3.4867339574472513,3.133565743663458,77.04766845703125,78.35966464047414,1.3119961834428864,4.918451553532723
liq+log_gdp_pc,three_1pp_cut_2028_2030,cut,2030,2,4.895545041492476,2.671245753671232,-2.3498616199163886,-3.9902679920196538,-3.6688838582648104,3.179187637094394,81.12287902832031,83.63161506814079,2.5087360398204765,7.521082316650933
liq+log_gdp_pc,three_1pp_cut_2028_2030,cut,2031,3,4.972736351178063,2.3209474942830077,-2.38691344856547,-3.907489061355591,-3.973455015638053,5.234831929470163,85.14363861083984,87.78986952171493,2.64623091087509,6.939016607633421
liq+log_gdp_pc,three_1pp_cut_2028_2030,cut,2032,4,4.013150737267651,1.9924098845599778,-1.9263123538884723,-4.024710655212402,-3.9586131245408973,6.484969990676714,89.33782958984375,91.04384999893927,1.7060204090955153,4.412838861398393
liq+log_gdp_pc,three_1pp_cut_2028_2030,cut,2033,5,3.1362852641125603,1.833480049622917,-1.505416926774029,-3.841931581497192,-3.5138684586483038,6.463100507027586,93.42025756835938,93.9764076968499,0.556150128490529,0.7114321354669938
liq+log_gdp_pc,three_1pp_cut_2028_2030,cut,2034,6,2.5225279656409327,1.7601499901865303,-1.2108134235076478,-3.859153032302856,-3.3098164656239737,6.212858413221323,97.61768341064452,97.03265186598053,-0.5850315446639911,-1.8928241314277634
liq+log_gdp_pc,three_1pp_cut_2028_2030,cut,2035,7,2.0338889885634175,1.7543626993735997,-0.9762667145104403,-3.876374483108521,-3.0982784982453615,6.050590820876178,101.9944839477539,100.14188968021259,-1.8525942675413205,-3.299256660110814
liq+log_gdp_pc,three_1pp_cut_2028_2030,cut,2036,8,1.758425109070315,1.8870718938473547,-0.8440440523537511,-3.893596172332764,-2.8505683308391605,5.510622854711378,106.79410552978516,103.59873859832997,-3.195366931455183,-3.425003710405907
liq+log_gdp_pc,three_1pp_expansion_2028_2030,expansion,2024,-4,0.0,0.0,0.0,-4.269382953643799,-4.269382953643799,,55.08902359008789,55.08902359008789,0.0,0.0
liq+log_gdp_pc,three_1pp_expansion_2028_2030,expansion,2025,-3,0.0,0.0,0.0,-4.325899124145508,-4.325899124145508,6.943162276891779,59.51612854003906,59.51612854003906,0.0,0.0
liq+log_gdp_pc,three_1pp_expansion_2028_2030,expansion,2026,-2,0.0,0.0,0.0,-3.591127634048462,-3.591127634048462,6.625874450677793,64.90138244628906,64.90138244628906,0.0,0.0
liq+log_gdp_pc,three_1pp_expansion_2028_2030,expansion,2027,-1,0.0,0.0,0.0,-3.824702739715576,-3.824702739715576,6.173631620015585,69.67215728759766,69.67215728759766,0.0,0.0
liq+log_gdp_pc,three_1pp_expansion_2028_2030,expansion,2028,0,-1.0843703004896887,-1.0,0.5204977442350506,-3.879892110824585,-4.359394366589535,6.565670300297866,73.19452667236328,72.93046472454984,-0.2640619478134454,-1.8219106948426478
liq+log_gdp_pc,three_1pp_expansion_2028_2030,expansion,2029,1,-3.056786273150135,-1.9282592401028014,1.4672574111120649,-3.947735786437988,-4.4087376154287234,7.285276765576887,77.04766845703125,75.85092891436908,-1.196739542662172,-4.918451553532723
liq+log_gdp_pc,three_1pp_expansion_2028_2030,expansion,2030,2,-4.895545041492476,-2.671245753671232,2.3498616199163886,-3.9902679920196538,-4.311652125774497,7.050599712470729,81.12287902832031,78.91510942988336,-2.207769598436954,-7.521082316650933
liq+log_gdp_pc,three_1pp_expansion_2028_2030,expansion,2031,3,-4.972736351178063,-2.3209474942830077,2.38691344856547,-3.907489061355591,-3.8415231070731286,5.397818810618049,85.14363861083984,82.80870623506289,-2.3349323757769582,-6.939016607633421
liq+log_gdp_pc,three_1pp_expansion_2028_2030,expansion,2032,4,-4.013150737267651,-1.9924098845599778,1.9263123538884723,-4.024710655212402,-4.090808185883907,4.4567559617154195,89.33782958984375,87.82983552674698,-1.507994063096774,-4.412838861398393
liq+log_gdp_pc,three_1pp_expansion_2028_2030,expansion,2033,5,-3.1362852641125603,-1.833480049622917,1.505416926774029,-3.841931581497192,-4.169994704346081,4.609941421748265,93.42025756835938,92.98500692745714,-0.43525064090223964,-0.7114321354669938
liq+log_gdp_pc,three_1pp_expansion_2028_2030,expansion,2034,6,-2.5225279656409327,-1.7601499901865303,1.2108134235076478,-3.859153032302856,-4.408489598981739,4.916013570653099,97.61768341064452,98.28886616505596,0.671182754411447,1.8928241314277634
liq+log_gdp_pc,three_1pp_expansion_2028_2030,expansion,2035,7,-2.0338889885634175,-1.7543626993735997,0.9762667145104403,-3.876374483108521,-4.654470467971681,5.018694604974172,101.9944839477539,103.92031695182544,1.925833004071535,3.299256660110814
liq+log_gdp_pc,three_1pp_expansion_2028_2030,expansion,2036,8,-1.758425109070315,-1.8870718938473547,0.8440440523537511,-3.893596172332764,-4.936624013826368,4.930725555448423,106.79410552978516,110.06388728144181,3.2697817516566516,3.425003710405907
log_gdp_pc,three_1pp_cut_2028_2030,cut,2024,-4,0.0,0.0,0.0,-4.269382953643799,-4.269382953643799,,55.08902359008789,55.08902359008789,0.0,0.0
log_gdp_pc,three_1pp_cut_2028_2030,cut,2025,-3,0.0,0.0,0.0,-4.325899124145508,-4.325899124145508,6.943162276891779,59.51612854003906,59.51612854003906,0.0,0.0
log_gdp_pc,three_1pp_cut_2028_2030,cut,2026,-2,0.0,0.0,0.0,-3.591127634048462,-3.591127634048462,6.625874450677793,64.90138244628906,64.90138244628906,0.0,0.0
log_gdp_pc,three_1pp_cut_2028_2030,cut,2027,-1,0.0,0.0,0.0,-3.824702739715576,-3.824702739715576,6.173631620015585,69.67215728759766,69.67215728759766,0.0,0.0
log_gdp_pc,three_1pp_cut_2028_2030,cut,2028,0,1.074096119489693,1.0,-0.5155661373550526,-3.879892110824585,-3.3954582481796374,4.290161038262386,73.19452667236328,73.46268226199612,0.2681555896328405,1.7982268367721377
log_gdp_pc,three_1pp_cut_2028_2030,cut,2029,1,2.832625815771163,1.9032617227538031,-1.3596603915701582,-3.947735786437988,-3.4041344552543427,3.361304121850739,77.04766845703125,78.09968160154459,1.0520131445133387,4.786646904570549
log_gdp_pc,three_1pp_cut_2028_2030,cut,2030,2,4.555049491043149,2.6584044948659713,-2.1864237557007113,-3.9902679920196538,-3.518287252854394,3.3097109434272243,81.12287902832031,83.11502560751715,1.9921465791968416,7.489099532093725
log_gdp_pc,three_1pp_cut_2028_2030,cut,2031,3,4.83573625971,2.323621936874065,-2.3211534046608,-3.907489061355591,-3.9050205291423254,5.0105864441626125,85.14363861083984,87.38158474747175,2.237946136631905,7.138956754923778
log_gdp_pc,three_1pp_cut_2028_2030,cut,2032,4,4.365261777943962,2.021895338061653,-2.0953256534131017,-4.024710655212402,-4.0981409705638505,5.941613195187334,89.33782958984375,91.22293849094717,1.8851089011034219,4.914282645191407
log_gdp_pc,three_1pp_cut_2028_2030,cut,2033,5,3.835102798670513,1.8522482541876604,-1.840849343361846,-3.841931581497192,-3.830532670671378,6.084180112690829,93.42025756835938,94.7947742321054,1.3745166637460215,1.3088711727813926
log_gdp_pc,three_1pp_cut_2028_2030,cut,2034,6,3.3771511488881667,1.7582630071142433,-1.62103255146632,-3.859153032302856,-3.721922576654933,6.046716432141874,97.61768341064452,98.40902933575583,0.7913459251113153,-1.1484812031246872
log_gdp_pc,three_1pp_cut_2028_2030,cut,2035,7,2.975953343510436,1.7542313711584563,-1.4284576048850093,-3.876374483108521,-3.550600716835074,5.959775130829481,101.9944839477539,102.05509846844036,0.060614520686456785,-2.156258099534181
log_gdp_pc,three_1pp_cut_2028_2030,cut,2036,8,2.7262967640008746,1.9037322353128614,-1.3086224467204197,-3.893596172332764,-3.2984863837403227,5.485509457210802,106.79410552978516,105.99589221989527,-0.7982133098898885,-2.261989366830451
log_gdp_pc,three_1pp_expansion_2028_2030,expansion,2024,-4,0.0,0.0,0.0,-4.269382953643799,-4.269382953643799,,55.08902359008789,55.08902359008789,0.0,0.0
log_gdp_pc,three_1pp_expansion_2028_2030,expansion,2025,-3,0.0,0.0,0.0,-4.325899124145508,-4.325899124145508,6.943162276891779,59.51612854003906,59.51612854003906,0.0,0.0
log_gdp_pc,three_1pp_expansion_2028_2030,expansion,2026,-2,0.0,0.0,0.0,-3.591127634048462,-3.591127634048462,6.625874450677793,64.90138244628906,64.90138244628906,0.0,0.0
log_gdp_pc,three_1pp_expansion_2028_2030,expansion,2027,-1,0.0,0.0,0.0,-3.824702739715576,-3.824702739715576,6.173631620015585,69.67215728759766,69.67215728759766,0.0,0.0
log_gdp_pc,three_1pp_expansion_2028_2030,expansion,2028,0,-1.074096119489693,-1.0,0.5155661373550526,-3.879892110824585,-4.3643259734695325,6.554839001831092,73.19452667236328,72.94236658014111,-0.2521600922221694,-1.7982268367721377
log_gdp_pc,three_1pp_expansion_2028_2030,expansion,2029,1,-2.832625815771163,-1.9032617227538031,1.3596603915701582,-3.947735786437988,-4.491337117621632,7.06280067780285,77.04766845703125,76.09366821989843,-0.9540002371328171,-4.786646904570549
log_gdp_pc,three_1pp_expansion_2028_2030,expansion,2030,2,-4.555049491043149,-2.6584044948659713,2.1864237557007113,-3.9902679920196538,-4.462248731184913,6.9357063179769085,81.12287902832031,79.38486479743158,-1.7380142308887372,-7.489099532093725
log_gdp_pc,three_1pp_expansion_2028_2030,expansion,2031,3,-4.83573625971,-2.323621936874065,2.3211534046608,-3.907489061355591,-3.9099575935688566,5.6030561057971,85.14363861083984,83.1928214623493,-1.9508171484905432,-7.138956754923778
log_gdp_pc,three_1pp_expansion_2028_2030,expansion,2032,4,-4.365261777943962,-2.021895338061653,2.0953256534131017,-4.024710655212402,-3.9512803398609537,4.9473356601889895,89.33782958984375,87.68548177163832,-1.6523478182054276,-4.914282645191407
log_gdp_pc,three_1pp_expansion_2028_2030,expansion,2033,5,-3.835102798670513,-1.8522482541876604,1.840849343361846,-3.841931581497192,-3.853330492323006,4.963416034516888,93.42025756835938,92.22376806301027,-1.1964895053491063,-1.3088711727813926
log_gdp_pc,three_1pp_expansion_2028_2030,expansion,2034,6,-3.3771511488881667,-1.7582630071142433,1.62103255146632,-3.859153032302856,-3.996383487950779,5.078610649982385,97.61768341064452,96.9641112550654,-0.6535721555791127,1.1484812031246872
log_gdp_pc,three_1pp_expansion_2028_2030,expansion,2035,7,-2.975953343510436,-1.7542313711584563,1.4284576048850093,-3.876374483108521,-4.202148249381968,5.112107443441705,101.9944839477539,102.04304363359095,0.048559685837048505,2.156258099534181
log_gdp_pc,three_1pp_expansion_2028_2030,expansion,2036,8,-2.7262967640008746,-1.9037322353128614,1.3086224467204197,-3.893596172332764,-4.4887059609252065,4.959692551422834,106.79410552978516,107.6884038419404,0.894298312155243,2.261989366830451
trade,three_1pp_cut_2028_2030,cut,2024,-4,0.0,0.0,0.0,-4.269382953643799,-4.269382953643799,,55.08902359008789,55.08902359008789,0.0,0.0
trade,three_1pp_cut_2028_2030,cut,2025,-3,0.0,0.0,0.0,-4.325899124145508,-4.325899124145508,6.943162276891779,59.51612854003906,59.51612854003906,0.0,0.0
trade,three_1pp_cut_2028_2030,cut,2026,-2,0.0,0.0,0.0,-3.591127634048462,-3.591127634048462,6.625874450677793,64.90138244628906,64.90138244628906,0.0,0.0
trade,three_1pp_cut_2028_2030,cut,2027,-1,0.0,0.0,0.0,-3.824702739715576,-3.824702739715576,6.173631620015585,69.67215728759766,69.67215728759766,0.0,0.0
trade,three_1pp_cut_2028_2030,cut,2028,0,1.3791126873307011,1.0,-0.6619740899187365,-3.879892110824585,-3.5418662007433213,3.9686049469690676,73.19452667236328,73.82579546604555,0.631268793682267,1.5859583771643968
trade,three_1pp_cut_2028_2030,cut,2029,1,3.6676507998532193,2.013505790455234,-1.7604723839295453,-3.947735786437988,-3.6947023799122993,2.789981119265117,77.04766845703125,79.17667836409291,2.1290099070616577,4.119347162650531
trade,three_1pp_cut_2028_2030,cut,2030,2,5.93492438736849,2.8506430062970525,-2.848763705936875,-3.9902679920196538,-3.9883886916594764,2.6986923031773857,81.12287902832031,85.16286950822585,4.039990479905541,6.420381800415825
trade,three_1pp_cut_2028_2030,cut,2031,3,6.382596687843478,2.5506505201764056,-3.063646410164869,-3.907489061355591,-4.420484951344054,4.81907694687691,85.14363861083984,90.11007438578103,4.966435774941189,6.720541144334881
trade,three_1pp_cut_2028_2030,cut,2032,4,5.568328320243951,2.1766486137408734,-2.672797593717096,-4.024710655212402,-4.520859635188625,6.337363244679639,89.33782958984375,94.03175630507081,4.6939267152270645,5.0061584792634735
trade,three_1pp_cut_2028_2030,cut,2033,5,4.579658373322143,1.9733734568892525,-2.1982360191946286,-3.841931581497192,-4.066794143802568,6.603880846551924,93.42025756835938,97.37477723386479,3.9545196655054156,1.819404514979993
trade,three_1pp_cut_2028_2030,cut,2034,6,4.0104709335723365,1.871751652837565,-1.9250260481147214,-3.859153032302856,-3.9124274275800124,6.173675812538315,97.61768341064452,101.06030116795404,3.4426177573095202,-0.7493163998469756
trade,three_1pp_cut_2028_2030,cut,2035,7,4.019373913141022,1.8868380585459583,-1.9292994783076907,-3.876374483108521,-3.9188359028702533,5.511840700780679,101.9944839477539,105.50662984803832,3.512145900284409,-0.8439507474716985
trade,three_1pp_cut_2028_2030,cut,2036,8,4.538610215215073,1.9795350471158875,-2.178532903303235,-3.893596172332764,-4.092594028520112,4.645585729965673,106.79410552978516,111.11541878804655,4.321313258261398,1.6629715166470893
trade,three_1pp_expansion_2028_2030,expansion,2024,-4,0.0,0.0,0.0,-4.269382953643799,-4.269382953643799,,55.08902359008789,55.08902359008789,0.0,0.0
trade,three_1pp_expansion_2028_2030,expansion,2025,-3,0.0,0.0,0.0,-4.325899124145508,-4.325899124145508,6.943162276891779,59.51612854003906,59.51612854003906,0.0,0.0
trade,three_1pp_expansion_2028_2030,expansion,2026,-2,0.0,0.0,0.0,-3.591127634048462,-3.591127634048462,6.625874450677793,64.90138244628906,64.90138244628906,0.0,0.0
trade,three_1pp_expansion_2028_2030,expansion,2027,-1,0.0,0.0,0.0,-3.824702739715576,-3.824702739715576,6.173631620015585,69.67215728759766,69.67215728759766,0.0,0.0
trade,three_1pp_expansion_2028_2030,expansion,2028,0,-1.3791126873307011,-1.0,0.6619740899187365,-3.879892110824585,-4.217918020905849,6.876395093124432,73.19452667236328,72.58962974956071,-0.6048969228025669,-1.5859583771643968
trade,three_1pp_expansion_2028_2030,expansion,2029,1,-3.6676507998532193,-2.013505790455234,1.7604723839295453,-3.947735786437988,-4.200769192963677,7.607443082121912,77.04766845703125,75.09618941570291,-1.9514790413283407,-4.119347162650531
trade,three_1pp_expansion_2028_2030,expansion,2030,2,-5.93492438736849,-2.8506430062970525,2.848763705936875,-3.9902679920196538,-3.9921472923798316,7.474283818862193,81.12287902832031,77.56210316359802,-3.560775864722288,-6.420381800415825
trade,three_1pp_expansion_2028_2030,expansion,2031,3,-6.382596687843478,-2.5506505201764056,3.063646410164869,-3.907489061355591,-3.394493171367128,5.765389929408515,85.14363861083984,80.73804436000015,-4.405594250839698,-6.720541144334881
trade,three_1pp_expansion_2028_2030,expansion,2032,4,-5.568328320243951,-2.1766486137408734,2.672797593717096,-4.024710655212402,-3.5285616752361797,4.613530277294875,89.33782958984375,85.05131039833145,-4.286519191512298,-5.0061584792634735
trade,three_1pp_expansion_2028_2030,expansion,2033,5,-4.579658373322143,-1.9733734568892525,2.1982360191946286,-3.841931581497192,-3.617069019191816,4.511312112186561,93.42025756835938,89.70355458597828,-3.7167029823810935,-1.819404514979993
trade,three_1pp_expansion_2028_2030,expansion,2034,6,-4.0104709335723365,-1.871751652837565,1.9250260481147214,-3.859153032302856,-3.8058786370257,4.969663087230658,97.61768341064452,94.32691660887606,-3.2907668017684557,0.7493163998469756
trade,three_1pp_expansion_2028_2030,expansion,2035,7,-4.019373913141022,-1.8868380585459583,1.9292994783076907,-3.876374483108521,-3.833913063346788,5.530660107606522,101.9944839477539,98.63626774911222,-3.358216198641685,0.8439507474716985
trade,three_1pp_expansion_2028_2030,expansion,2036,8,-4.538610215215073,-1.9795350471158875,2.178532903303235,-3.893596172332764,-3.694598316145417,5.739980399043709,106.79410552978516,102.71278691298437,-4.081318616800786,-1.6629715166470893
trade+debt,three_1pp_cut_2028_2030,cut,2024,-4,0.0,0.0,0.0,-4.269382953643799,-4.269382953643799,,55.08902359008789,55.08902359008789,0.0,0.0
trade+debt,three_1pp_cut_2028_2030,cut,2025,-3,0.0,0.0,0.0,-4.325899124145508,-4.325899124145508,6.943162276891779,59.51612854003906,59.51612854003906,0.0,0.0
trade+debt,three_1pp_cut_2028_2030,cut,2026,-2,0.0,0.0,0.0,-3.591127634048462,-3.591127634048462,6.625874450677793,64.90138244628906,64.90138244628906,0.0,0.0
trade+debt,three_1pp_cut_2028_2030,cut,2027,-1,0.0,0.0,0.0,-3.824702739715576,-3.824702739715576,6.173631620015585,69.67215728759766,69.67215728759766,0.0,0.0
trade+debt,three_1pp_cut_2028_2030,cut,2028,0,1.3660470572177754,1.0,-0.6557025874645321,-3.879892110824585,-3.535594698289117,3.9823790608774834,73.19452667236328,73.81021374337544,0.6156870710121609,1.1659304137968867
trade+debt,three_1pp_cut_2028_2030,cut,2029,1,3.493562480993348,2.0163069897979833,-1.676909990876807,-3.947735786437988,-3.6083387875168116,2.962098667193791,77.04766845703125,78.94822998033094,1.900561523299686,2.8560107356141797
trade+debt,three_1pp_cut_2028_2030,cut,2030,2,5.458951125877419,2.83689044360534,-2.620296540421161,-3.9902679920196538,-3.7736740888354747,3.0321560640974576,81.12287902832031,84.4519789389046,3.32909991058429,3.9947743429745453
trade+debt,three_1pp_cut_2028_2030,cut,2031,3,5.497096188904095,2.5053270485494084,-2.6386061706739654,-3.907489061355591,-4.040768183480148,5.277820677817724,85.14363861083984,88.6447983020328,3.501159691192953,3.3404811131713212
trade+debt,three_1pp_cut_2028_2030,cut,2032,4,4.345521891736386,2.084437695013484,-2.0858505080334653,-4.024710655212402,-4.026123468232384,6.705045029186207,89.33782958984375,91.77806811491452,2.440238525070768,1.3384252727393835
trade+debt,three_1pp_cut_2028_2030,cut,2033,5,3.1055182507745203,1.858128767182219,-1.4906487603717697,-3.841931581497192,-3.474451574686743,6.866962028867163,93.42025756835938,94.32189653100959,0.9016389626502104,-0.8932597102682006
trade+debt,three_1pp_cut_2028_2030,cut,2034,6,2.355114489683902,1.769136204043163,-1.1304549550482728,-3.859153032302856,-3.220471783307966,6.361490738735176,97.61768341064452,97.15641157009009,-0.4612718405544314,-2.0724519268259023
trade+debt,three_1pp_cut_2028_2030,cut,2035,7,2.2156010101329824,1.7996653480522584,-1.0634884848638315,-3.876374483108521,-3.1401976199200936,5.672395422864285,101.9944839477539,100.65533894058728,-1.3391450071666213,-1.6197966038237075
trade+debt,three_1pp_cut_2028_2030,cut,2036,8,2.6316227655834936,1.8865826222953495,-1.2631789274800769,-3.893596172332764,-3.270192477517491,4.7671428225485535,106.79410552978516,105.25354568358603,-1.5405598461991303,0.4287243893398466
trade+debt,three_1pp_expansion_2028_2030,expansion,2024,-4,0.0,0.0,0.0,-4.269382953643799,-4.269382953643799,,55.08902359008789,55.08902359008789,0.0,0.0
trade+debt,three_1pp_expansion_2028_2030,expansion,2025,-3,0.0,0.0,0.0,-4.325899124145508,-4.325899124145508,6.943162276891779,59.51612854003906,59.51612854003906,0.0,0.0
trade+debt,three_1pp_expansion_2028_2030,expansion,2026,-2,0.0,0.0,0.0,-3.591127634048462,-3.591127634048462,6.625874450677793,64.90138244628906,64.90138244628906,0.0,0.0
trade+debt,three_1pp_expansion_2028_2030,expansion,2027,-1,0.0,0.0,0.0,-3.824702739715576,-3.824702739715576,6.173631620015585,69.67215728759766,69.67215728759766,0.0,0.0
trade+debt,three_1pp_expansion_2028_2030,expansion,2028,0,-1.3660470572177754,-1.0,0.6557025874645321,-3.879892110824585,-4.224189523360053,6.862620979215994,73.19452667236328,72.60471405986893,-0.5898126124943559,-1.1659304137968867
trade+debt,three_1pp_expansion_2028_2030,expansion,2029,1,-3.493562480993348,-2.0163069897979833,1.676909990876807,-3.947735786437988,-4.287132785359164,7.440585525395993,77.04766845703125,75.30741026020593,-1.740258196825323,-2.8560107356141797
trade+debt,three_1pp_expansion_2028_2030,expansion,2030,2,-5.458951125877419,-2.83689044360534,2.620296540421161,-3.9902679920196538,-4.206861895203833,7.1713661865184575,81.12287902832031,78.19227464309452,-2.9306043852257915,-3.9947743429745453
trade+debt,three_1pp_expansion_2028_2030,expansion,2031,3,-5.497096188904095,-2.5053270485494084,2.6386061706739654,-3.907489061355591,-3.7742099392310338,5.358409835706901,85.14363861083984,82.04734817243609,-3.0962904384037557,-3.3404811131713212
trade+debt,three_1pp_expansion_2028_2030,expansion,2032,4,-4.345521891736386,-2.084437695013484,2.0858505080334653,-4.024710655212402,-4.023297842192422,4.269696630896935,89.33782958984375,87.14125977356328,-2.1965698162804728,-1.3384252727393835
trade+debt,three_1pp_expansion_2028_2030,expansion,2033,5,-3.1055182507745203,-1.858128767182219,1.4906487603717697,-3.841931581497192,-4.209411588307642,4.245620789815185,93.42025756835938,92.63608423102066,-0.7841733373387143,0.8932597102682006
trade+debt,three_1pp_expansion_2028_2030,expansion,2034,6,-2.355114489683902,-1.769136204043163,1.1304549550482728,-3.859153032302856,-4.497834281297746,4.775947816274284,97.61768341064452,98.15095779785933,0.5332743872148171,2.0724519268259023
trade+debt,three_1pp_expansion_2028_2030,expansion,2035,7,-2.2156010101329824,-1.7996653480522584,1.0634884848638315,-3.876374483108521,-4.612551346296948,5.377798233457476,101.9944839477539,103.4013178174269,1.4068338696729938,1.6197966038237075
trade+debt,three_1pp_expansion_2028_2030,expansion,2036,8,-2.6316227655834936,-1.8865826222953495,1.2631789274800769,-3.893596172332764,-4.516999867148037,5.643005498011622,106.79410552978516,108.41397353127704,1.6198680014918807,-0.4287243893398466
trade+debt+liq,three_1pp_cut_2028_2030,cut,2024,-4,0.0,0.0,0.0,-4.269382953643799,-4.269382953643799,,55.08902359008789,55.08902359008789,0.0,0.0
trade+debt+liq,three_1pp_cut_2028_2030,cut,2025,-3,0.0,0.0,0.0,-4.325899124145508,-4.325899124145508,6.943162276891779,59.51612854003906,59.51612854003906,0.0,0.0
trade+debt+liq,three_1pp_cut_2028_2030,cut,2026,-2,0.0,0.0,0.0,-3.591127634048462,-3.591127634048462,6.625874450677793,64.90138244628906,64.90138244628906,0.0,0.0
trade+debt+liq,three_1pp_cut_2028_2030,cut,2027,-1,0.0,0.0,0.0,-3.824702739715576,-3.824702739715576,6.173631620015585,69.67215728759766,69.67215728759766,0.0,0.0
trade+debt+liq,three_1pp_cut_2028_2030,cut,2028,0,1.3459825414284918,1.0,-0.6460716198856761,-3.879892110824585,-3.525963730710261,4.003531575039454,73.19452667236328,73.78629013734414,0.5917634649808576,1.172839994342709
trade+debt+liq,three_1pp_cut_2028_2030,cut,2029,1,3.5548628694809734,2.0308421576215516,-1.7063341773508671,-3.947735786437988,-3.6232278061673036,2.87577027288608,77.04766845703125,79.00190070740862,1.9542322503773732,2.9120816195423744
trade+debt+liq,three_1pp_cut_2028_2030,cut,2030,2,5.608747366234153,2.8556713873643735,-2.6921987357923935,-3.9902679920196538,-3.8267953404476738,2.934289354916597,81.12287902832031,84.6367056207258,3.5138265924054934,4.087970461036429
trade+debt+liq,three_1pp_cut_2028_2030,cut,2031,3,5.673674215335666,2.526774203121796,-2.7233636233611196,-3.907489061355591,-4.1040784815949145,5.2478705336886255,85.14363861083984,88.91729610817544,3.7736574973355914,3.434259107696433
trade+debt+liq,three_1pp_cut_2028_2030,cut,2032,4,4.424301718923379,2.1034944229547268,-2.123664825083222,-4.024710655212402,-4.0448810573408975,6.816750458109522,89.33782958984375,91.97452865706715,2.636699067223404,1.3307574790179713
trade+debt+liq,three_1pp_cut_2028_2030,cut,2033,5,3.1178131908846334,1.8835264996316456,-1.496550331624624,-3.841931581497192,-3.45495541349017,6.941477338844448,93.42025756835938,94.43343209734046,1.0131745289810823,-0.9724556003844547
trade+debt+liq,three_1pp_cut_2028_2030,cut,2034,6,2.377972967856434,1.8013277540954291,-1.1414270245710882,-3.859153032302856,-3.1992523027785156,6.350086481925699,97.61768341064452,97.25635622224291,-0.36132718840160294,-2.2385328726954317
trade+debt+liq,three_1pp_cut_2028_2030,cut,2035,7,2.277008247816859,1.8266224392387829,-1.0929639589520923,-3.876374483108521,-3.14271600282183,5.630762590018268,101.9944839477539,100.79664471601286,-1.1978392317410425,-1.809913469128858
trade+debt+liq,three_1pp_cut_2028_2030,cut,2036,8,2.71382668834958,1.9057655677720615,-1.3026368104077983,-3.893596172332764,-3.290467414968501,4.74447050644855,106.79410552978516,105.43909639160034,-1.355009138184812,0.20937019397200118
trade+debt+liq,three_1pp_expansion_2028_2030,expansion,2024,-4,0.0,0.0,0.0,-4.269382953643799,-4.269382953643799,,55.08902359008789,55.08902359008789,0.0,0.0
trade+debt+liq,three_1pp_expansion_2028_2030,expansion,2025,-3,0.0,0.0,0.0,-4.325899124145508,-4.325899124145508,6.943162276891779,59.51612854003906,59.51612854003906,0.0,0.0
trade+debt+liq,three_1pp_expansion_2028_2030,expansion,2026,-2,0.0,0.0,0.0,-3.591127634048462,-3.591127634048462,6.625874450677793,64.90138244628906,64.90138244628906,0.0,0.0
trade+debt+liq,three_1pp_expansion_2028_2030,expansion,2027,-1,0.0,0.0,0.0,-3.824702739715576,-3.824702739715576,6.173631620015585,69.67215728759766,69.67215728759766,0.0,0.0
trade+debt+liq,three_1pp_expansion_2028_2030,expansion,2028,0,-1.3459825414284918,-1.0,0.6460716198856761,-3.879892110824585,-4.233820490938909,6.841468465054001,73.19452667236328,72.62788302944683,-0.5666436429164463,-1.172839994342709
trade+debt+liq,three_1pp_expansion_2028_2030,expansion,2029,1,-3.5548628694809734,-2.0308421576215516,1.7063341773508671,-3.947735786437988,-4.272243766708672,7.525507506254625,77.04766845703125,75.25907598523322,-1.788592471798026,-2.9120816195423744
trade+debt+liq,three_1pp_expansion_2028_2030,expansion,2030,2,-5.608747366234153,-2.8556713873643735,2.6921987357923935,-3.9902679920196538,-4.153740643591634,7.2600634504074835,81.12287902832031,78.03052563703791,-3.0923533912824013,-4.087970461036429
trade+debt+liq,three_1pp_expansion_2028_2030,expansion,2031,3,-5.673674215335666,-2.526774203121796,2.7233636233611196,-3.907489061355591,-3.7108996411162676,5.385064442813259,85.14363861083984,81.80236524607501,-3.341273364764831,-3.434259107696433
trade+debt+liq,three_1pp_expansion_2028_2030,expansion,2032,4,-4.424301718923379,-2.1034944229547268,2.123664825083222,-4.024710655212402,-4.004540253083907,4.174055651800335,89.33782958984375,86.95040431734338,-2.3874252725003657,-1.3307574790179713
trade+debt+liq,three_1pp_expansion_2028_2030,expansion,2033,5,-3.1178131908846334,-1.8835264996316456,1.496550331624624,-3.841931581497192,-4.228907749504214,4.179397278045749,93.42025756835938,92.51799654246562,-0.9022610258937505,0.9724556003844547
trade+debt+liq,three_1pp_expansion_2028_2030,expansion,2034,6,-2.377972967856434,-1.8013277540954291,1.1414270245710882,-3.859153032302856,-4.519053761827196,4.786851494883382,97.61768341064452,98.04306039362277,0.4253769829782499,2.2385328726954317
trade+debt+liq,three_1pp_expansion_2028_2030,expansion,2035,7,-2.277008247816859,-1.8266224392387829,1.0929639589520923,-3.876374483108521,-4.610032963395212,5.417562798616626,101.9944839477539,103.2529777348121,1.2584937870581996,1.809913469128858
trade+debt+liq,three_1pp_expansion_2028_2030,expansion,2036,8,-2.71382668834958,-1.9057655677720615,1.3026368104077983,-3.893596172332764,-4.496724929697027,5.664142430825647,106.79410552978516,108.22389382628914,1.429788296503986,-0.20937019397200118
trade+debt+liq+log_gdp_pc,three_1pp_cut_2028_2030,cut,2024,-4,0.0,0.0,0.0,-4.269382953643799,-4.269382953643799,,55.08902359008789,55.08902359008789,0.0,0.0
trade+debt+liq+log_gdp_pc,three_1pp_cut_2028_2030,cut,2025,-3,0.0,0.0,0.0,-4.325899124145508,-4.325899124145508,6.943162276891779,59.51612854003906,59.51612854003906,0.0,0.0
trade+debt+liq+log_gdp_pc,three_1pp_cut_2028_2030,cut,2026,-2,0.0,0.0,0.0,-3.591127634048462,-3.591127634048462,6.625874450677793,64.90138244628906,64.90138244628906,0.0,0.0
trade+debt+liq+log_gdp_pc,three_1pp_cut_2028_2030,cut,2027,-1,0.0,0.0,0.0,-3.824702739715576,-3.824702739715576,6.173631620015585,69.67215728759766,69.67215728759766,0.0,0.0
trade+debt+liq+log_gdp_pc,three_1pp_cut_2028_2030,cut,2028,0,1.3583496928956666,1.0,-0.65200785258992,-3.879892110824585,-3.5318999634145047,3.990493814781493,73.19452667236328,73.80103522610564,0.6065085537423585,1.5699132700724368
trade+debt+liq+log_gdp_pc,three_1pp_cut_2028_2030,cut,2029,1,3.3597459273512826,1.9245105011118464,-1.6126780451286156,-3.947735786437988,-3.6359033304547568,3.0968210440208477,77.04766845703125,78.86798718315038,1.820318726119126,4.135250166734305
trade+debt+liq+log_gdp_pc,three_1pp_cut_2028_2030,cut,2030,2,4.988622531716838,2.653426511105282,-2.3945388152240823,-3.9902679920196538,-3.731380296138454,3.4013496470442606,81.12287902832031,84.03991553246264,2.917036504142331,6.119787608782515
trade+debt+liq+log_gdp_pc,three_1pp_cut_2028_2030,cut,2031,3,4.444670532313086,2.2782633525186844,-2.133441855510281,-3.907489061355591,-3.7626675643471876,5.923286871641409,85.14363861083984,87.44085515118579,2.297216540345943,5.396182776362997
trade+debt+liq+log_gdp_pc,three_1pp_cut_2028_2030,cut,2032,4,3.06032924590152,1.896070091754988,-1.4689580380327294,-4.024710655212402,-3.5975986014901435,6.947694389395975,89.33782958984375,89.96133370503489,0.6235041151911389,3.2209510702274335
trade+debt+liq+log_gdp_pc,three_1pp_cut_2028_2030,cut,2033,5,1.7636698855981863,1.708343044083846,-0.8465615450871293,-3.841931581497192,-2.980150082500475,6.91048887118757,93.42025756835938,91.99302730264944,-1.4272302657099374,0.06050922302507966
trade+debt+liq+log_gdp_pc,three_1pp_cut_2028_2030,cut,2034,6,0.8036781789803834,1.6359483340928576,-0.385765525910584,-3.859153032302856,-2.6089702241205823,6.575504800878851,97.61768341064452,94.04159519171102,-3.576088218933492,-1.492389144426706
trade+debt+liq+log_gdp_pc,three_1pp_cut_2028_2030,cut,2035,7,0.17127865641836132,1.6801253571138328,-0.08221375508081342,-3.876374483108521,-2.2784628810755017,6.194352590404195,101.9944839477539,96.20335534514071,-5.791128602613199,-1.7114189991598354
trade+debt+liq+log_gdp_pc,three_1pp_cut_2028_2030,cut,2036,8,0.16571700577161186,1.8445600297869336,-0.07954416277037368,-3.893596172332764,-2.128580305316204,5.22063868961864,106.79410552978516,99.18110954111035,-7.612995988674811,0.02766043017570019
trade+debt+liq+log_gdp_pc,three_1pp_expansion_2028_2030,expansion,2024,-4,0.0,0.0,0.0,-4.269382953643799,-4.269382953643799,,55.08902359008789,55.08902359008789,0.0,0.0
trade+debt+liq+log_gdp_pc,three_1pp_expansion_2028_2030,expansion,2025,-3,0.0,0.0,0.0,-4.325899124145508,-4.325899124145508,6.943162276891779,59.51612854003906,59.51612854003906,0.0,0.0
trade+debt+liq+log_gdp_pc,three_1pp_expansion_2028_2030,expansion,2026,-2,0.0,0.0,0.0,-3.591127634048462,-3.591127634048462,6.625874450677793,64.90138244628906,64.90138244628906,0.0,0.0
trade+debt+liq+log_gdp_pc,three_1pp_expansion_2028_2030,expansion,2027,-1,0.0,0.0,0.0,-3.824702739715576,-3.824702739715576,6.173631620015585,69.67215728759766,69.67215728759766,0.0,0.0
trade+debt+liq+log_gdp_pc,three_1pp_expansion_2028_2030,expansion,2028,0,-1.3583496928956666,-1.0,0.65200785258992,-3.879892110824585,-4.227884258234665,6.854506225311985,73.19452667236328,72.61360175429239,-0.5809249180708917,-1.5699132700724368
trade+debt+liq+log_gdp_pc,three_1pp_expansion_2028_2030,expansion,2029,1,-3.3597459273512826,-1.9245105011118464,1.6126780451286156,-3.947735786437988,-4.259568242421219,7.309814206814735,77.04766845703125,75.37509773078122,-1.6725707262500293,-4.135250166734305
trade+debt+liq+log_gdp_pc,three_1pp_expansion_2028_2030,expansion,2030,2,-4.988622531716838,-2.653426511105282,2.3945388152240823,-3.9902679920196538,-4.249155687900853,6.831533048293892,81.12287902832031,78.53662821472217,-2.5862508135981415,-6.119787608782515
trade+debt+liq+log_gdp_pc,three_1pp_expansion_2028_2030,expansion,2031,3,-4.444670532313086,-2.2782633525186844,2.133441855510281,-3.907489061355591,-4.052310558363994,4.774644401689976,85.14363861083984,83.10818795256569,-2.035450658274158,-5.396182776362997
trade+debt+liq+log_gdp_pc,three_1pp_expansion_2028_2030,expansion,2032,4,-3.06032924590152,-1.896070091754988,1.4689580380327294,-4.024710655212402,-4.45182270893466,4.0231597557665255,89.33782958984375,88.84400520800338,-0.49382438184036914,-3.2209510702274335
trade+debt+liq+log_gdp_pc,three_1pp_expansion_2028_2030,expansion,2033,5,-1.7636698855981863,-1.708343044083846,0.8465615450871293,-3.841931581497192,-4.703713080493908,4.171990069811837,93.42025756835938,94.92197112154122,1.501713553181844,-0.06050922302507966
trade+debt+liq+log_gdp_pc,three_1pp_expansion_2028_2030,expansion,2034,6,-0.8036781789803834,-1.6359483340928576,0.385765525910584,-3.859153032302856,-5.10933584048513,4.5484450713131785,97.61768341064452,101.28226548412722,3.6645820734827055,1.492389144426706
trade+debt+liq+log_gdp_pc,three_1pp_expansion_2028_2030,expansion,2035,7,-0.17127865641836132,-1.6801253571138328,0.08221375508081342,-3.876374483108521,-5.47428608514154,4.859629840315982,101.9944839477539,107.91845123974106,5.923967291987154,1.7114189991598354
trade+debt+liq+log_gdp_pc,three_1pp_expansion_2028_2030,expansion,2036,8,-0.16571700577161186,-1.8445600297869336,0.07954416277037368,-3.893596172332764,-5.658612039349324,5.208935298637307,106.79410552978516,114.5417554835968,7.747649953811646,-0.02766043017570019
trade+debt+log_gdp_pc,three_1pp_cut_2028_2030,cut,2024,-4,0.0,0.0,0.0,-4.269382953643799,-4.269382953643799,,55.08902359008789,55.08902359008789,0.0,0.0
trade+debt+log_gdp_pc,three_1pp_cut_2028_2030,cut,2025,-3,0.0,0.0,0.0,-4.325899124145508,-4.325899124145508,6.943162276891779,59.51612854003906,59.51612854003906,0.0,0.0
trade+debt+log_gdp_pc,three_1pp_cut_2028_2030,cut,2026,-2,0.0,0.0,0.0,-3.591127634048462,-3.591127634048462,6.625874450677793,64.90138244628906,64.90138244628906,0.0,0.0
trade+debt+log_gdp_pc,three_1pp_cut_2028_2030,cut,2027,-1,0.0,0.0,0.0,-3.824702739715576,-3.824702739715576,6.173631620015585,69.67215728759766,69.67215728759766,0.0,0.0
trade+debt+log_gdp_pc,three_1pp_cut_2028_2030,cut,2028,0,1.3997698802177083,1.0,-0.6718895425045,-3.879892110824585,-3.551781653329085,3.9468276177936135,73.19452667236328,73.85043571878572,0.6559090464224369,1.499813537627817
trade+debt+log_gdp_pc,three_1pp_cut_2028_2030,cut,2029,1,3.2459657259826487,1.9057973419142122,-1.5580635484716714,-3.947735786437988,-3.600001992995447,3.261563052678418,77.04766845703125,78.76233972229338,1.714671265262126,3.846005790530132
trade+debt+log_gdp_pc,three_1pp_cut_2028_2030,cut,2030,2,4.729389416976439,2.6373031707724697,-2.2701069201486908,-3.9902679920196538,-3.623071741395875,3.5615452807536085,81.12287902832031,83.6999698528136,2.5770908244932826,5.636481515707992
trade+debt+log_gdp_pc,three_1pp_cut_2028_2030,cut,2031,3,4.193567901548047,2.2617270575715107,-2.0129125927430622,-3.907489061355591,-3.6586745965271423,5.912658038424823,85.14363861083984,87.00674324268303,1.8631046318431856,4.873236195706127
trade+debt+log_gdp_pc,three_1pp_cut_2028_2030,cut,2032,4,3.0441628284898252,1.8797057514622497,-1.461198157675116,-4.024710655212402,-3.6062030614252687,6.685179899261584,89.33782958984375,89.75262932933491,0.41479973949115845,2.9073745195516185
trade+debt+log_gdp_pc,three_1pp_cut_2028_2030,cut,2033,5,1.8829625473077833,1.6737864703498229,-0.9038220227077359,-3.841931581497192,-3.071967133855105,6.7628581910953445,93.42025756835938,92.00114095582519,-1.4191166125341823,0.034672869115911054
trade+debt+log_gdp_pc,three_1pp_cut_2028_2030,cut,2034,6,0.9138812078609648,1.586364109180539,-0.43866297977326313,-3.859153032302856,-2.7114519028955804,6.586536485189587,97.61768341064452,94.14267700470602,-3.475006405938501,-1.2198939400590818
trade+debt+log_gdp_pc,three_1pp_cut_2028_2030,cut,2035,7,0.24520738052998095,1.6397460390846876,-0.11769954265439085,-3.876374483108521,-2.354327986678224,6.233731062840686,101.9944839477539,96.34532354128037,-5.649160406473541,-1.247184235537026
trade+debt+log_gdp_pc,three_1pp_cut_2028_2030,cut,2036,8,0.2493853361990102,1.8137030231251372,-0.1197049613755249,-3.893596172332764,-2.199598110583152,5.210370339296211,106.79410552978516,99.40483481369593,-7.389270716089229,0.625082083804979
trade+debt+log_gdp_pc,three_1pp_expansion_2028_2030,expansion,2024,-4,0.0,0.0,0.0,-4.269382953643799,-4.269382953643799,,55.08902359008789,55.08902359008789,0.0,0.0
trade+debt+log_gdp_pc,three_1pp_expansion_2028_2030,expansion,2025,-3,0.0,0.0,0.0,-4.325899124145508,-4.325899124145508,6.943162276891779,59.51612854003906,59.51612854003906,0.0,0.0
trade+debt+log_gdp_pc,three_1pp_expansion_2028_2030,expansion,2026,-2,0.0,0.0,0.0,-3.591127634048462,-3.591127634048462,6.625874450677793,64.90138244628906,64.90138244628906,0.0,0.0
trade+debt+log_gdp_pc,three_1pp_expansion_2028_2030,expansion,2027,-1,0.0,0.0,0.0,-3.824702739715576,-3.824702739715576,6.173631620015585,69.67215728759766,69.67215728759766,0.0,0.0
trade+debt+log_gdp_pc,three_1pp_expansion_2028_2030,expansion,2028,0,-1.3997698802177083,-1.0,0.6718895425045,-3.879892110824585,-4.208002568320085,6.898172422299864,73.19452667236328,72.56578559044178,-0.628741081921504,-1.499813537627817
trade+debt+log_gdp_pc,three_1pp_expansion_2028_2030,expansion,2029,1,-3.2459657259826487,-1.9057973419142122,1.5580635484716714,-3.947735786437988,-4.295469579880529,7.14789960928246,77.04766845703125,75.47156355887257,-1.5761048981586754,-3.846005790530132
trade+debt+log_gdp_pc,three_1pp_expansion_2028_2030,expansion,2030,2,-4.729389416976439,-2.6373031707724697,2.2701069201486908,-3.9902679920196538,-4.357464242643433,6.685190411367659,81.12287902832031,78.84204296822685,-2.2808360600934634,-5.636481515707992
trade+debt+log_gdp_pc,three_1pp_expansion_2028_2030,expansion,2031,3,-4.193567901548047,-2.2617270575715107,2.0129125927430622,-3.907489061355591,-4.15630352618404,4.781470081368844,85.14363861083984,83.51444505137103,-1.629193559468817,-4.873236195706127
trade+debt+log_gdp_pc,three_1pp_expansion_2028_2030,expansion,2032,4,-3.0441628284898252,-1.8797057514622497,1.461198157675116,-4.024710655212402,-4.443218248999536,4.257494934275052,89.33782958984375,89.05732240002948,-0.2805071898142728,-2.9073745195516185
trade+debt+log_gdp_pc,three_1pp_expansion_2028_2030,expansion,2033,5,-1.8829625473077833,-1.6737864703498229,0.9038220227077359,-3.841931581497192,-4.611896029139279,4.310468408362489,93.42025756835938,94.92671322110564,1.5064556527462685,-0.034672869115911054
trade+debt+log_gdp_pc,three_1pp_expansion_2028_2030,expansion,2034,6,-0.9138812078609648,-1.586364109180539,0.43866297977326313,-3.859153032302856,-5.006854161710131,4.540194596345759,97.61768341064452,101.19217889671317,3.574495486068656,1.2198939400590818
trade+debt+log_gdp_pc,three_1pp_expansion_2028_2030,expansion,2035,7,-0.24520738052998095,-1.6397460390846876,0.11769954265439085,-3.876374483108521,-5.398420979538818,4.822422179060881,101.9944839477539,107.78779721637308,5.793313268619173,1.247184235537026
trade+debt+log_gdp_pc,three_1pp_expansion_2028_2030,expansion,2036,8,-0.2493853361990102,-1.8137030231251372,0.1197049613755249,-3.893596172332764,-5.587594234082377,5.219162045636083,106.79410552978516,114.328345673299,7.534240143513841,-0.625082083804979
trade+liq,three_1pp_cut_2028_2030,cut,2024,-4,0.0,0.0,0.0,-4.269382953643799,-4.269382953643799,,55.08902359008789,55.08902359008789,0.0,0.0
trade+liq,three_1pp_cut_2028_2030,cut,2025,-3,0.0,0.0,0.0,-4.325899124145508,-4.325899124145508,6.943162276891779,59.51612854003906,59.51612854003906,0.0,0.0
trade+liq,three_1pp_cut_2028_2030,cut,2026,-2,0.0,0.0,0.0,-3.591127634048462,-3.591127634048462,6.625874450677793,64.90138244628906,64.90138244628906,0.0,0.0
trade+liq,three_1pp_cut_2028_2030,cut,2027,-1,0.0,0.0,0.0,-3.824702739715576,-3.824702739715576,6.173631620015585,69.67215728759766,69.67215728759766,0.0,0.0
trade+liq,three_1pp_cut_2028_2030,cut,2028,0,1.3616689672439937,1.0,-0.6536011042771169,-3.879892110824585,-3.533493215101702,3.986994552780976,73.19452667236328,73.8049931015219,0.6104664291586204,1.5445496175679463
trade+liq,three_1pp_cut_2028_2030,cut,2029,1,3.740462594795949,2.0337905921095576,-1.7954220455020553,-3.947735786437988,-3.7093672398304856,2.69412421093711,77.04766845703125,79.24051083680114,2.1928423797698855,4.041119464181613
trade+liq,three_1pp_cut_2028_2030,cut,2030,2,6.093397825112454,2.875271957877501,-2.924830956053978,-3.9902679920196538,-4.039826990196131,2.603225198122394,81.12287902832031,85.3553405488185,4.232461520498191,6.273575735044397
trade+liq,three_1pp_cut_2028_2030,cut,2031,3,6.541758441947959,2.5762120913299413,-3.14004405213502,-3.907489061355591,-4.471321022160669,4.8174590989645605,85.14363861083984,90.35589750263992,5.212258891800076,6.569392730163603
trade+liq,three_1pp_cut_2028_2030,cut,2032,4,5.587155636668275,2.193408372347041,-2.681834705600772,-4.024710655212402,-4.513136988466133,6.497221349660642,89.33782958984375,94.13349494890475,4.7956653590610046,4.89032450010784
trade+liq,three_1pp_cut_2028_2030,cut,2033,5,4.506074554800524,1.9979357151820376,-2.1629157863042514,-3.841931581497192,-4.006911652619406,6.707363683573897,93.42025756835938,97.32526402329002,3.9050064549306427,1.9008824674759883
trade+liq,three_1pp_cut_2028_2030,cut,2034,6,3.94241586175197,1.9126252215557522,-1.8923596136409455,-3.859153032302856,-3.8388874243880493,6.167080071392417,97.61768341064452,100.94339567487644,3.3257122642319246,-0.5028071438795827
trade+liq,three_1pp_cut_2028_2030,cut,2035,7,3.997256418676624,1.9291353964694666,-1.9186830809647795,-3.876374483108521,-3.865922167603834,5.461384071853104,101.9944839477539,105.38474755780598,3.3902636100520738,-0.559920790144247
trade+liq,three_1pp_cut_2028_2030,cut,2036,8,4.560083040352598,2.012449877171552,-2.188839859369247,-3.893596172332764,-4.06998615453046,4.597943792868087,106.79410552978516,111.01786720243567,4.223761672650511,1.9051293044592992
trade+liq,three_1pp_expansion_2028_2030,expansion,2024,-4,0.0,0.0,0.0,-4.269382953643799,-4.269382953643799,,55.08902359008789,55.08902359008789,0.0,0.0
trade+liq,three_1pp_expansion_2028_2030,expansion,2025,-3,0.0,0.0,0.0,-4.325899124145508,-4.325899124145508,6.943162276891779,59.51612854003906,59.51612854003906,0.0,0.0
trade+liq,three_1pp_expansion_2028_2030,expansion,2026,-2,0.0,0.0,0.0,-3.591127634048462,-3.591127634048462,6.625874450677793,64.90138244628906,64.90138244628906,0.0,0.0
trade+liq,three_1pp_expansion_2028_2030,expansion,2027,-1,0.0,0.0,0.0,-3.824702739715576,-3.824702739715576,6.173631620015585,69.67215728759766,69.67215728759766,0.0,0.0
trade+liq,three_1pp_expansion_2028_2030,expansion,2028,0,-1.3616689672439937,-1.0,0.6536011042771169,-3.879892110824585,-4.226291006547468,6.858005487312502,73.19452667236328,72.60976908646111,-0.5847575859021674,-1.5445496175679463
trade+liq,three_1pp_expansion_2028_2030,expansion,2029,1,-3.740462594795949,-2.0337905921095576,1.7954220455020553,-3.947735786437988,-4.18610433304549,7.701553607438205,77.04766845703125,75.03922764662472,-2.008440810406526,-4.041119464181613
trade+liq,three_1pp_expansion_2028_2030,expansion,2030,2,-6.093397825112454,-2.875271957877501,2.924830956053978,-3.9902679920196538,-3.940708993843177,7.559514786207799,81.12287902832031,77.3966076047404,-3.7262714235799166,-6.273575735044397
trade+liq,three_1pp_expansion_2028_2030,expansion,2031,3,-6.541758441947959,-2.5762120913299413,3.14004405213502,-3.907489061355591,-3.343657100550512,5.765408414335993,85.14363861083984,80.52216556962175,-4.6214730412180955,-6.569392730163603
trade+liq,three_1pp_expansion_2028_2030,expansion,2032,4,-5.587155636668275,-2.193408372347041,2.681834705600772,-4.024710655212402,-3.5362843219586715,4.475878249339593,89.33782958984375,84.94817907178337,-4.389650518060378,-4.89032450010784
trade+liq,three_1pp_expansion_2028_2030,expansion,2033,5,-4.506074554800524,-1.9979357151820376,2.1629157863042514,-3.841931581497192,-3.676951510374978,4.4191540132809015,93.42025756835938,89.73493647104345,-3.6853210973159207,-1.9008824674759883
trade+liq,three_1pp_expansion_2028_2030,expansion,2034,6,-3.94241586175197,-1.9126252215557522,1.8923596136409455,-3.859153032302856,-3.8794186402176627,4.974842282427416,97.61768341064452,94.42765684227265,-3.190026568371863,0.5028071438795827
trade+liq,three_1pp_expansion_2028_2030,expansion,2035,7,-3.997256418676624,-1.9291353964694666,1.9186830809647795,-3.876374483108521,-3.8868267986132086,5.577301534924106,101.9944839477539,98.74850342853941,-3.2459805192144984,0.559920790144247
trade+liq,three_1pp_expansion_2028_2030,expansion,2036,8,-4.560083040352598,-2.012449877171552,2.188839859369247,-3.893596172332764,-3.717206190135069,5.784192737881022,106.79410552978516,102.80663345605102,-3.987472073734139,-1.9051293044592992
trade+liq+log_gdp_pc,three_1pp_cut_2028_2030,cut,2024,-4,0.0,0.0,0.0,-4.269382953643799,-4.269382953643799,,55.08902359008789,55.08902359008789,0.0,0.0
trade+liq+log_gdp_pc,three_1pp_cut_2028_2030,cut,2025,-3,0.0,0.0,0.0,-4.325899124145508,-4.325899124145508,6.943162276891779,59.51612854003906,59.51612854003906,0.0,0.0
trade+liq+log_gdp_pc,three_1pp_cut_2028_2030,cut,2026,-2,0.0,0.0,0.0,-3.591127634048462,-3.591127634048462,6.625874450677793,64.90138244628906,64.90138244628906,0.0,0.0
trade+liq+log_gdp_pc,three_1pp_cut_2028_2030,cut,2027,-1,0.0,0.0,0.0,-3.824702739715576,-3.824702739715576,6.173631620015585,69.67215728759766,69.67215728759766,0.0,0.0
trade+liq+log_gdp_pc,three_1pp_cut_2028_2030,cut,2028,0,1.334398729908511,1.0,-0.6405113903560852,-3.879892110824585,-3.5204035011806702,4.0157435187414325,73.19452667236328,73.77248101085402,0.5779543384907413,1.918939224827403
trade+liq+log_gdp_pc,three_1pp_cut_2028_2030,cut,2029,1,3.44590040098344,1.9202586714909926,-1.6540321924720511,-3.947735786437988,-3.6815093074190464,2.9799062364326723,77.04766845703125,78.96986445530648,1.9221959982752281,5.15978877035838
trade+liq+log_gdp_pc,three_1pp_cut_2028_2030,cut,2030,2,5.280009653998769,2.6542457645797795,-2.534404633919409,-3.9902679920196538,-3.870426861359283,3.1762128676947166,81.12287902832031,84.45816466663645,3.3352856383161367,8.014059668171006
trade+liq+log_gdp_pc,three_1pp_cut_2028_2030,cut,2031,3,4.983386364284646,2.2918175907204454,-2.39202545485663,-3.907489061355591,-4.007696925491775,5.650133979248317,85.14363861083984,88.3197556836204,3.1761170727805563,7.575708247269866
trade+liq+log_gdp_pc,three_1pp_cut_2028_2030,cut,2032,4,3.726346788471151,1.9361566071017655,-1.7886464584661523,-4.024710655212402,-3.8772005065767887,6.815112919494926,89.33782958984375,91.2172838140168,1.8794542241730454,5.087316493372768
trade+liq+log_gdp_pc,three_1pp_cut_2028_2030,cut,2033,5,2.4926364607299796,1.7509631996897315,-1.1964655011503902,-3.841931581497192,-3.287433882957851,6.851269881059441,93.42025756835938,93.59304116075981,0.17278359240043528,0.5920688813062862
trade+liq+log_gdp_pc,three_1pp_cut_2028_2030,cut,2034,6,1.6039554601773967,1.6405063670363185,-0.7698986208851504,-3.859153032302856,-2.988545286151688,6.506027336687281,97.61768341064452,96.0721191225443,-1.5455642881002234,-2.5462934670071187
trade+liq+log_gdp_pc,three_1pp_cut_2028_2030,cut,2035,7,1.0367787493655218,1.6397091695244344,-0.4976537996954505,-3.876374483108521,-2.734319113279537,6.129877936879202,101.9944839477539,98.74550775559625,-3.248976192157656,-3.7001774010699027
trade+liq+log_gdp_pc,three_1pp_cut_2028_2030,cut,2036,8,1.0016582528136853,1.7858728783811795,-0.4807959613505689,-3.893596172332764,-2.588519255302154,5.252116047143107,106.79410552978516,102.17584801345107,-4.618257516334083,-2.7061392313022106
trade+liq+log_gdp_pc,three_1pp_expansion_2028_2030,expansion,2024,-4,0.0,0.0,0.0,-4.269382953643799,-4.269382953643799,,55.08902359008789,55.08902359008789,0.0,0.0
trade+liq+log_gdp_pc,three_1pp_expansion_2028_2030,expansion,2025,-3,0.0,0.0,0.0,-4.325899124145508,-4.325899124145508,6.943162276891779,59.51612854003906,59.51612854003906,0.0,0.0
trade+liq+log_gdp_pc,three_1pp_expansion_2028_2030,expansion,2026,-2,0.0,0.0,0.0,-3.591127634048462,-3.591127634048462,6.625874450677793,64.90138244628906,64.90138244628906,0.0,0.0
trade+liq+log_gdp_pc,three_1pp_expansion_2028_2030,expansion,2027,-1,0.0,0.0,0.0,-3.824702739715576,-3.824702739715576,6.173631620015585,69.67215728759766,69.67215728759766,0.0,0.0
trade+liq+log_gdp_pc,three_1pp_expansion_2028_2030,expansion,2028,0,-1.334398729908511,-1.0,0.6405113903560852,-3.879892110824585,-4.2393807204685,6.829256521352045,73.19452667236328,72.64126157081783,-0.5532651015454491,-1.918939224827403
trade+liq+log_gdp_pc,three_1pp_expansion_2028_2030,expansion,2029,1,-3.44590040098344,-1.9202586714909926,1.6540321924720511,-3.947735786437988,-4.21396226545693,7.424645647837935,77.04766845703125,75.28053311437147,-1.7671353426597847,-5.15978877035838
trade+liq+log_gdp_pc,three_1pp_expansion_2028_2030,expansion,2030,2,-5.280009653998769,-2.6542457645797795,2.534404633919409,-3.9902679920196538,-4.110109122680025,7.03881389062988,81.12287902832031,78.16070422071336,-2.9621748076069565,-8.014059668171006
trade+liq+log_gdp_pc,three_1pp_expansion_2028_2030,expansion,2031,3,-4.983386364284646,-2.2918175907204454,2.39202545485663,-3.907489061355591,-3.807281197219406,5.023578069538592,85.14363861083984,82.29826273946598,-2.845375871373861,-7.575708247269866
trade+liq+log_gdp_pc,three_1pp_expansion_2028_2030,expansion,2032,4,-3.726346788471151,-1.9361566071017655,1.7886464584661523,-4.024710655212402,-4.172220803848016,4.15816145365373,89.33782958984375,87.63364841327923,-1.7041811765645178,-5.087316493372768
trade+liq+log_gdp_pc,three_1pp_expansion_2028_2030,expansion,2033,5,-2.4926364607299796,-1.7509631996897315,1.1964655011503902,-3.841931581497192,-4.396429280036533,4.244537855346953,93.42025756835938,93.32367754557761,-0.09658002278176525,-0.5920688813062862
trade+liq+log_gdp_pc,three_1pp_expansion_2028_2030,expansion,2034,6,-1.6039554601773967,-1.6405063670363185,0.7698986208851504,-3.859153032302856,-4.729760778454024,4.62896034960365,97.61768341064452,99.21057129027872,1.5928878796342048,2.5462934670071187
trade+liq+log_gdp_pc,three_1pp_expansion_2028_2030,expansion,2035,7,-1.0367787493655218,-1.6397091695244344,0.4976537996954505,-3.876374483108521,-5.018429852937505,4.932581716450679,101.9944839477539,105.29736950733886,3.3028855595849507,3.7001774010699027
trade+liq+log_gdp_pc,three_1pp_expansion_2028_2030,expansion,2036,8,-1.0016582528136853,-1.7858728783811795,0.4807959613505689,-3.893596172332764,-5.198673089363375,5.17820419804671,106.79410552978516,111.46834566653285,4.674240136747699,2.7061392313022106
trade+log_gdp_pc,three_1pp_cut_2028_2030,cut,2024,-4,0.0,0.0,0.0,-4.269382953643799,-4.269382953643799,,55.08902359008789,55.08902359008789,0.0,0.0
trade+log_gdp_pc,three_1pp_cut_2028_2030,cut,2025,-3,0.0,0.0,0.0,-4.325899124145508,-4.325899124145508,6.943162276891779,59.51612854003906,59.51612854003906,0.0,0.0
trade+log_gdp_pc,three_1pp_cut_2028_2030,cut,2026,-2,0.0,0.0,0.0,-3.591127634048462,-3.591127634048462,6.625874450677793,64.90138244628906,64.90138244628906,0.0,0.0
trade+log_gdp_pc,three_1pp_cut_2028_2030,cut,2027,-1,0.0,0.0,0.0,-3.824702739715576,-3.824702739715576,6.173631620015585,69.67215728759766,69.67215728759766,0.0,0.0
trade+log_gdp_pc,three_1pp_cut_2028_2030,cut,2028,0,1.3720042673554493,1.0,-0.6585620483306157,-3.879892110824585,-3.538454159155201,3.976098821018903,73.19452667236328,73.81731784766033,0.6227911752970527,1.9484433747067191
trade+log_gdp_pc,three_1pp_cut_2028_2030,cut,2029,1,3.339360196552226,1.8960213424701404,-1.6028928943450684,-3.947735786437988,-3.654607338312916,3.1328450249842543,77.04766845703125,78.87700541296947,1.829336955938217,5.147871992392249
trade+log_gdp_pc,three_1pp_cut_2028_2030,cut,2030,2,5.073389133129914,2.635819743056416,-2.4352267839023587,-3.9902679920196538,-3.7896750328655964,3.2873098468867212,81.12287902832031,84.19607223118774,3.0731932028674294,8.035038771891767
trade+log_gdp_pc,three_1pp_cut_2028_2030,cut,2031,3,4.87759908177679,2.2787274248537734,-2.341247559252859,-3.907489061355591,-3.9700091957546766,5.5375424129109785,85.14363861083984,88.11009718333229,2.966458572492442,7.663569923889894
trade+log_gdp_pc,three_1pp_cut_2028_2030,cut,2032,4,3.9364179452964256,1.9333505167512766,-1.8894806137422842,-4.024710655212402,-3.9808407522034104,6.463508326362577,89.33782958984375,91.4013543187691,2.063524728925344,5.210140809475087
trade+log_gdp_pc,three_1pp_cut_2028_2030,cut,2033,5,2.8737712283989807,1.7254595124281602,-1.3794101896315107,-3.841931581497192,-3.4958822587005427,6.666360109457559,93.42025756835938,94.14058408983381,0.7203265214744334,0.5663167522377623
trade+log_gdp_pc,three_1pp_cut_2028_2030,cut,2034,6,1.9867189120457722,1.5816543579320175,-0.9536250777819706,-3.859153032302856,-3.2311237521528096,6.508032213163695,97.61768341064452,96.85749757606845,-0.7601858345760633,-2.7038137006721104
trade+log_gdp_pc,three_1pp_cut_2028_2030,cut,2035,7,1.4025418864221508,1.5767522342906088,-0.6732201054826323,-3.876374483108521,-2.9728423543005444,6.150555918472422,101.9944839477539,99.7500556100496,-2.2444283377043064,-3.691135201909252
trade+log_gdp_pc,three_1pp_cut_2028_2030,cut,2036,8,1.3730320514168235,1.7353211301693838,-0.6590553846800753,-3.893596172332764,-2.8173304268434554,5.246267344176103,106.79410552978516,103.42336149504628,-3.370744034738877,-2.645463068768801
trade+log_gdp_pc,three_1pp_expansion_2028_2030,expansion,2024,-4,0.0,0.0,0.0,-4.269382953643799,-4.269382953643799,,55.08902359008789,55.08902359008789,0.0,0.0
trade+log_gdp_pc,three_1pp_expansion_2028_2030,expansion,2025,-3,0.0,0.0,0.0,-4.325899124145508,-4.325899124145508,6.943162276891779,59.51612854003906,59.51612854003906,0.0,0.0
trade+log_gdp_pc,three_1pp_expansion_2028_2030,expansion,2026,-2,0.0,0.0,0.0,-3.591127634048462,-3.591127634048462,6.625874450677793,64.90138244628906,64.90138244628906,0.0,0.0
trade+log_gdp_pc,three_1pp_expansion_2028_2030,expansion,2027,-1,0.0,0.0,0.0,-3.824702739715576,-3.824702739715576,6.173631620015585,69.67215728759766,69.67215728759766,0.0,0.0
trade+log_gdp_pc,three_1pp_expansion_2028_2030,expansion,2028,0,-1.3720042673554493,-1.0,0.6585620483306157,-3.879892110824585,-4.221330062493969,6.868901219074575,73.19452667236328,72.59783616060919,-0.5966905117540904,-1.9484433747067191
trade+log_gdp_pc,three_1pp_expansion_2028_2030,expansion,2029,1,-3.339360196552226,-1.8960213424701404,1.6028928943450684,-3.947735786437988,-4.240864234563061,7.274197867810095,77.04766845703125,75.36455947983231,-1.6831089771989411,-5.147871992392249
trade+log_gdp_pc,three_1pp_expansion_2028_2030,expansion,2030,2,-5.073389133129914,-2.635819743056416,2.4352267839023587,-3.9902679920196538,-4.190860951173711,6.938879240689455,81.12287902832031,78.39338729284393,-2.729491735476387,-8.035038771891767
trade+log_gdp_pc,three_1pp_expansion_2028_2030,expansion,2031,3,-4.87759908177679,-2.2787274248537734,2.341247559252859,-3.907489061355591,-3.844968926956505,5.124064753972091,85.14363861083984,82.49436493557646,-2.6492736752633874,-7.663569923889894
trade+log_gdp_pc,three_1pp_expansion_2028_2030,expansion,2032,4,-3.9364179452964256,-1.9333505167512766,1.8894806137422842,-4.024710655212402,-4.068580558221394,4.474381520547488,89.33782958984375,87.47566137465196,-1.8621682151917867,-5.210140809475087
trade+log_gdp_pc,three_1pp_expansion_2028_2030,expansion,2033,5,-2.8737712283989807,-1.7254595124281602,1.3794101896315107,-3.841931581497192,-4.187980904293841,4.4207099285350715,93.42025756835938,92.80514801730186,-0.6151095510575146,-0.5663167522377623
trade+log_gdp_pc,three_1pp_expansion_2028_2030,expansion,2034,6,-1.9867189120457722,-1.5816543579320175,0.9536250777819706,-3.859153032302856,-4.487182312452902,4.6340217893904745,97.61768341064452,98.43848907099809,0.8208056603535709,2.7038137006721104
trade+log_gdp_pc,three_1pp_expansion_2028_2030,expansion,2035,7,-1.4025418864221508,-1.5767522342906088,0.6732201054826323,-3.876374483108521,-4.7799066119164975,4.917202894534256,101.9944839477539,104.29303428100421,2.2985503332503043,3.691135201909252
trade+log_gdp_pc,three_1pp_expansion_2028_2030,expansion,2036,8,-1.3730320514168235,-1.7353211301693838,0.6590553846800753,-3.893596172332764,-4.969861917822072,5.184157712271964,106.79410552978516,110.21996777549616,3.425862245711002,2.645463068768801
